smiles,logP,pH,Temperature
O=c1[nH]cc(F)c(=O)[nH]1,-0.89,4.0,22.0
O=c1[nH]cc(F)c(=O)[nH]1,-0.89,4.0,25.0
O=c1[nH]cc(F)c(=O)[nH]1,-0.89,4.0,37.0
CC(=O)N=c1[nH]nc(S(N)(=O)=O)s1,-0.26,7.4,25.0
CC(=O)N=c1[nH]nc(S(N)(=O)=O)s1,-0.26,7.2,35.0
O=C(O)C(=O)CC(O)O,-1.26,1.42,20.0
O=C(O)C(=O)CC(O)O,-1.26,1.42,25.0
NC(=O)CC(N)C(=O)O,-3.41,7.0,25.0
O=c1[nH]cnc2[nH]cnc12,-1.11,5.7,23.0
O=C(O)c1ccsc1,1.5,2.7976,25.0
CNS(=O)(=O)c1n[nH]c(=NC(C)=O)s1,0.49,7.2,35.0
CC(=O)/N=c1\sc(S(N)(=O)=O)nn1C,0.13,7.4,22.0
CC(=O)/N=c1\sc(S(N)(=O)=O)nn1C,0.13,7.4,25.0
O=C(O)C1CCCN1,-2.5,6.3,25.0
CCCC(N)C(=O)O,-2.11,5.98,20.0
N=c1c(Cl)c(Cl)[nH]c(C(=O)O)c1Cl,0.3,2.8,10.0
N=c1c(Cl)c(Cl)[nH]c(C(=O)O)c1Cl,0.3,2.8,20.0
N=c1c(Cl)c(Cl)[nH]c(C(=O)O)c1Cl,0.3,2.8,30.0
N=c1c(Cl)c(Cl)[nH]c(C(=O)O)c1Cl,0.3,2.8,40.0
O=[N+]([O-])c1cccc([N+](=O)[O-])c1O,1.37,3.32,15.0
COC(=O)n1cc(F)c(=O)[nH]c1=O,-0.68,4.0,22.0
CNC(=O)n1cc(F)c(=O)[nH]c1=O,-0.2,4.0,22.0
O=[PH](=O)(O)c1ccccc1,0.54,0.8991,15.0
Nc1ccc(S(N)(=O)=O)cc1,-0.62,6.9,37.0
CCc1c(O)[nH]c(=O)[nH]c1=O,-0.35,2.31,25.0
Cc1ncc([N+](=O)[O-])n1CCO,-0.02,3.16,25.0
Cc1ncc([N+](=O)[O-])n1CCO,-0.02,2.69,25.0
N=c1[nH]c(=N)[nH]c(=NC2CC2)[nH]1,-0.06,7.0,20.0
N=c1[nH]c(=N)[nH]c(=NC2CC2)[nH]1,-0.06,7.0,25.0
CCCCCC(O)/C=C/C1C(O)CC(O)C1C/C=C/CCCC(=O)O,2.72,4.44,25.0
O=C(CCCN1CCC(O)(c2ccc(Cl)cc2)CC1)c1ccc(F)cc1,3.36,12.46,37.0
O=C(CCCN1CCC(O)(c2ccc(Cl)cc2)CC1)c1ccc(F)cc1,3.36,11.94,37.0
O=C(CCCN1CCC(O)(c2ccc(Cl)cc2)CC1)c1ccc(F)cc1,3.36,11.42,37.0
O=C(CCCN1CCC(O)(c2ccc(Cl)cc2)CC1)c1ccc(F)cc1,3.36,11.02,37.0
O=C(CCCN1CCC(O)(c2ccc(Cl)cc2)CC1)c1ccc(F)cc1,3.36,9.45,37.0
O=C(CCCN1CCC(O)(c2ccc(Cl)cc2)CC1)c1ccc(F)cc1,3.36,7.34,37.0
O=C(CCCN1CCC(O)(c2ccc(Cl)cc2)CC1)c1ccc(F)cc1,3.36,7.28,37.0
O=C(CCCN1CCC(O)(c2ccc(Cl)cc2)CC1)c1ccc(F)cc1,3.36,7.15,37.0
O=C(CCCN1CCC(O)(c2ccc(Cl)cc2)CC1)c1ccc(F)cc1,3.36,6.0,37.0
O=C(CCCN1CCC(O)(c2ccc(Cl)cc2)CC1)c1ccc(F)cc1,3.36,5.65,37.0
O=C(CCCN1CCC(O)(c2ccc(Cl)cc2)CC1)c1ccc(F)cc1,3.36,5.29,37.0
O=C(CCCN1CCC(O)(c2ccc(Cl)cc2)CC1)c1ccc(F)cc1,3.36,5.11,37.0
O=C(CCCN1CCC(O)(c2ccc(Cl)cc2)CC1)c1ccc(F)cc1,3.36,4.98,37.0
O=C(CCCN1CCC(O)(c2ccc(Cl)cc2)CC1)c1ccc(F)cc1,4.3,6.5,37.0
CCC(=O)N(c1ccccc1)C1CCN(CCc2ccccc2)CC1,4.37,7.4,25.0
CCC(=O)N(c1ccccc1)C1CCN(CCc2ccccc2)CC1,4.37,12.47,35.0
CCC(=O)N(c1ccccc1)C1CCN(CCc2ccccc2)CC1,4.37,9.8,35.0
CCC(=O)N(c1ccccc1)C1CCN(CCc2ccccc2)CC1,4.37,8.78,35.0
CCC(=O)N(c1ccccc1)C1CCN(CCc2ccccc2)CC1,4.37,8.03,35.0
CCC(=O)N(c1ccccc1)C1CCN(CCc2ccccc2)CC1,4.37,7.66,35.0
CCC(=O)N(c1ccccc1)C1CCN(CCc2ccccc2)CC1,4.37,7.04,35.0
CCC(=O)N(c1ccccc1)C1CCN(CCc2ccccc2)CC1,4.37,6.51,35.0
CCC(=O)N(c1ccccc1)C1CCN(CCc2ccccc2)CC1,4.37,6.23,35.0
CCC(=O)N(c1ccccc1)C1CCN(CCc2ccccc2)CC1,4.37,5.94,35.0
CCC(=O)N(c1ccccc1)C1(COC)CCN(CCc2cccs2)CC1,3.95,12.77,35.0
CCC(=O)N(c1ccccc1)C1(COC)CCN(CCc2cccs2)CC1,3.95,7.97,35.0
CCC(=O)N(c1ccccc1)C1(COC)CCN(CCc2cccs2)CC1,3.95,7.6,35.0
CCC(=O)N(c1ccccc1)C1(COC)CCN(CCc2cccs2)CC1,3.95,6.97,35.0
CCC(=O)N(c1ccccc1)C1(COC)CCN(CCc2cccs2)CC1,3.95,6.64,35.0
CCC(=O)N(c1ccccc1)C1(COC)CCN(CCc2cccs2)CC1,3.95,6.45,35.0
CCC(=O)N(c1ccccc1)C1(COC)CCN(CCc2cccs2)CC1,3.95,6.15,35.0
CCC(=O)N(c1ccccc1)C1(COC)CCN(CCc2cccs2)CC1,3.95,5.66,35.0
CCC(=O)N(c1ccccc1)C1(COC)CCN(CCc2cccs2)CC1,3.95,7.4,25.0
C[C@H](CCC(=O)O)[C@H]1CC[C@H]2[C@@H]3CC[C@@H]4C[C@H](O)CC[C@]4(C)[C@H]3C[C@H](O)C21C,3.5,2.4,37.0
C[C@H](CCC(=O)O)[C@H]1CC[C@H]2[C@@H]3CC[C@@H]4C[C@H](O)CC[C@]4(C)[C@H]3C[C@H](O)C21C,3.5,3.0,20.0
CC(CCC(=O)O)C1CCC2C3C(O)CC4CC(O)CCC4(C)C3CCC12C,4.15,3.0,20.0
CC(CCC(=O)O)C1CCC2C3C(O)CC4CC(O)CCC4(C)C3CCC12C,4.15,3.0,30.0
CC(CCC(=O)O)C1CCC2C3C(O)CC4CC(O)CCC4(C)C3CCC12C,4.15,2.4,37.0
CC(CCC(=O)O)C1CCC2C3C(O)CC4CC(O)CCC4(C)C3CC(O)C12C,2.39,3.0,30.0
C(=C/c1ccccc1)\CN1CCN(C(c2ccccc2)c2ccccc2)CC1,5.77,4.5,25.0
Oc1c(Cl)cc(Cl)c(Cl)c1Cl,4.45,5.1,25.0
Nc1ccc(S(N)(=O)=O)cc1,-0.62,5.9,20.0
Nc1ccc(S(N)(=O)=O)cc1,-0.62,7.1,25.0
Nc1ccc(S(N)(=O)=O)cc1,-0.62,4.9,37.0
Nc1ccc(S(N)(=O)=O)cc1,-0.62,5.9,37.0
Nc1ccc(S(N)(=O)=O)cc1,-0.62,7.5,37.0
Nc1ccc(S(N)(=O)=O)cc1,-0.62,7.1,37.0
Nc1ccc(S(N)(=O)=O)cc1,-0.62,7.4,37.0
NS(=O)(=O)c1cc2c(cc1Cl)N=CNS2(=O)=O,-0.24,6.5,15.0
NS(=O)(=O)c1cc2c(cc1Cl)N=CNS2(=O)=O,-0.24,6.5,25.0
NS(=O)(=O)c1cc2c(cc1Cl)N=CNS2(=O)=O,-0.24,6.5,37.0
NS(=O)(=O)c1cc2c(cc1Cl)NCNS2(=O)=O,-0.07,6.5,15.0
NS(=O)(=O)c1cc2c(cc1Cl)NCNS2(=O)=O,-0.07,6.5,25.0
NS(=O)(=O)c1cc2c(cc1Cl)NCNS2(=O)=O,-0.07,6.5,37.0
NCCc1ccc(O)c(O)c1,-2.0,7.4,20.0
CCN=c1nc(OC)[nH]c(=NCC)[nH]1,1.82,7.0,26.0
CCN=c1nc(OC)[nH]c(=NCC)[nH]1,1.82,3.0,26.0
CCN=c1nc(C)[nH]c(=NCC)[nH]1,1.82,3.0,21.0
CCN=c1nc(SC)[nH]c(=NCC)[nH]1,2.54,3.0,26.0
N#Cc1ccc(C(=O)O)cc1,1.56,1.0,25.0
O=C(O)c1cccc(C(=O)O)c1,1.66,1.0,25.0
O=C(O)c1ccc(C(=O)O)cc1,2.0,1.0,25.0
COc1ccc(C(=O)O)c(O)c1,2.99,1.0,25.0
COc1ccc(O)c(C(=O)O)c1,2.78,1.0,25.0
NS(=O)(=O)c1nc2ccc(Cl)cc2s1,2.1,7.2,37.0
O=C(O)c1ccccc1I,2.4,2.7,15.0
O=C(OCCCl)n1cc(F)c(=O)[nH]c1=O,0.02,4.0,22.0
NS(=O)(=O)c1nc2ccccc2s1,1.33,7.2,37.0
NS(=O)(=O)c1nc2ccc(O)cc2s1,1.13,7.2,37.0
Cc1cc([N+](=O)[O-])cc([N+](=O)[O-])c1O,2.13,7.0,20.0
O=C(O)c1ccccc1,1.87,5.0,20.0
O=C(O)c1ccccc1,1.87,3.0,22.0
O=C(O)c1ccccc1,1.87,3.0,20.0
O=C(O)c1ccccc1,1.87,4.0,20.0
O=C(O)c1ccccc1,1.87,6.0,20.0
O=C(O)c1ccccc1,1.87,6.8,25.0
O=C(O)c1ccccc1,1.87,5.0,25.0
O=C(O)c1ccccc1,1.87,7.4,25.0
O=C(O)c1ccccc1O,2.26,5.0,22.0
O=C(O)c1ccccc1O,2.26,1.2,22.0
O=C(O)c1ccccc1O,2.26,2.0,21.0
Cn1c(=O)c2[nH]c(Cl)nc2n(C)c1=O,-0.85,1.3,37.0
Cn1c(=O)c2[nH]c(Cl)nc2n(C)c1=O,-0.85,7.2,37.0
CCC(=O)n1c(=O)[nH]cc(F)c1=O,0.19,4.0,22.0
CCOC(=O)n1c(=O)[nH]cc(F)c1=O,0.11,5.0,22.0
CC(=O)OCn1cc(F)c(=O)[nH]c1=O,-0.67,4.0,22.0
CC(=O)OCn1c(=O)[nH]cc(F)c1=O,-0.42,4.0,22.0
CCOC(=O)n1cc(F)c(=O)[nH]c1=O,-0.17,4.0,22.0
NS(=O)(=O)c1cc2c(s1)C(=O)CCS2,0.91,7.4,25.0
NS(=O)(=O)c1cc2c(s1)SCCC2=O,0.74,7.4,25.0
NS(=O)(=O)c1cc2c(s1)S(=O)(=O)CCC2=O,-0.04,7.4,25.0
NS(=O)(=O)c1cc2c(s1)C(=O)CCS2(=O)=O,-0.2,7.4,25.0
CNS(=O)(=O)c1ccc(Cl)cc1,1.92,7.2,35.0
NS(=O)(=O)c1cc2c(cc1Cl)NCNS2(=O)=O,-0.07,4.56,25.0
NS(=O)(=O)c1cc2c(cc1Cl)NCNS2(=O)=O,-0.07,2.0,25.0
NS(=O)(=O)c1cc2c(cc1Cl)NCNS2(=O)=O,-0.07,6.0,25.0
NS(=O)(=O)c1cc2c(cc1Cl)NCNS2(=O)=O,-0.07,8.0,25.0
NS(=O)(=O)c1cc2c(cc1Cl)NCNS2(=O)=O,-0.07,9.08,25.0
NS(=O)(=O)c1cc2c(cc1Cl)NCNS2(=O)=O,-0.07,3.0,25.0
NS(=O)(=O)c1cc2c(cc1Cl)NCNS2(=O)=O,-0.07,8.55,25.0
NS(=O)(=O)c1cc2c(cc1Cl)NCNS2(=O)=O,-0.07,4.0,25.0
CN(C)C(=O)n1cc(F)c(=O)[nH]c1=O,-0.37,4.0,22.0
CCNC(=O)n1cc(F)c(=O)[nH]c1=O,0.35,4.0,22.0
Cn1c(=O)c2[nH]cnc2n(C)c1=O,-0.02,7.4,37.0
Cn1c(=O)c2[nH]cnc2n(C)c1=O,-0.02,4.5,37.0
NS(=O)(=O)c1cc2c(s1)C(O)CCS2,0.48,7.4,25.0
NS(=O)(=O)c1cc2c(s1)SCCC2O,0.68,7.4,25.0
NS(=O)(=O)c1cc2c(s1)S(=O)(=O)CC(O)C2,-0.44,7.4,25.0
NS(=O)(=O)c1cc2c(s1)C(O)CCS2(=O)=O,-0.59,7.4,25.0
NS(=O)(=O)c1cc2c(s1)CC(O)CS2(=O)=O,-0.7,7.4,25.0
CCN=c1nc(Cl)[nH]c(=NCC)[nH]1,2.18,7.0,26.0
CCN=c1nc(Cl)[nH]c(=NCC)[nH]1,2.18,3.0,26.0
O=C1NC(=O)c2ccccc21,1.15,5.4053,25.0
N#Cc1cccc(C(=O)O)c1,1.48,1.0,25.0
O=C(O)COc1ccc(Cl)cc1Cl,2.81,1.0,25.0
O=c1[nH]c(O)cn1/N=C/c1ccc([N+](=O)[O-])o1,-0.47,7.2,37.0
O=c1[nH]c(O)cn1/N=C/c1ccc([N+](=O)[O-])o1,-0.47,7.0,25.0
O=c1[nH]c(O)cn1/N=C/c1ccc([N+](=O)[O-])o1,-0.47,1.2,22.0
O=c1[nH]c(O)cn1/N=C/c1ccc([N+](=O)[O-])o1,-0.47,6.5,25.0
O=c1[nH]c(O)cn1/N=C/c1ccc([N+](=O)[O-])o1,-0.47,5.0,37.0
O=c1[nH]c(O)cn1/N=C/c1ccc([N+](=O)[O-])o1,-0.47,4.8,37.0
COC(=O)c1ccccc1O,2.36,7.4,21.0
COc1cc(C(=O)O)ccc1O,1.43,3.3,14.0
CC(=O)NS(=O)(=O)c1ccc(N)cc1,-0.96,5.9,37.0
CC(=O)NS(=O)(=O)c1ccc(N)cc1,-0.96,6.6,37.0
CC(=O)NS(=O)(=O)c1ccc(N)cc1,-0.96,7.0,37.0
CC(=O)Nc1ccc(S(N)(=O)=O)cc1,-0.04,4.9,20.0
CC(=O)NS(=O)(=O)c1ccc(N)cc1,-0.96,4.8,37.0
CC(=O)NS(=O)(=O)c1ccc(N)cc1,-0.96,5.6,37.0
CC(=O)NS(=O)(=O)c1ccc(N)cc1,-0.96,5.3,37.0
CC(=O)NS(=O)(=O)c1ccc(N)cc1,-0.96,4.5,37.0
CC(=O)NS(=O)(=O)c1ccc(N)cc1,-0.96,4.9,20.0
NCCc1ccc(O)cc1,-2.12,10.0,15.0
CNS(=O)(=O)c1ccc(C)cc1,1.28,7.4,22.0
N=c1[nH]c(=O)c2ncn(COCCO)c2[nH]1,-1.56,7.4,37.0
CCC1(CC)C(=O)NC(=O)NC1=O,0.65,7.9,33.0
CCC1(CC)C(=O)NC(=O)NC1=O,0.65,7.02,30.0
CCC1(CC)C(=O)NC(=O)NC1=O,0.65,6.91,30.0
CCC1(CC)C(=O)NC(=O)NC1=O,0.65,6.82,30.0
CCC1(CC)C(=O)NC(=O)NC1=O,0.65,7.08,30.0
CCC1(CC)C(=O)NC(=O)NC1=O,0.65,6.42,30.0
CCC1(CC)C(=O)NC(=O)NC1=O,0.65,6.78,30.0
CCC1(CC)C(=O)NC(=O)NC1=O,0.65,6.24,30.0
CCC1(CC)C(=O)NC(=O)NC1=O,0.65,6.04,30.0
CCC1(CC)C(=O)NC(=O)NC1=O,0.65,7.43,25.0
CCC1(CC)C(=O)NC(=O)NC1=O,0.65,4.9,33.0
CCC1(CC)C(=O)NC(=O)NC1=O,0.65,7.9,25.0
CCC1(CC)C(=O)NC(=O)NC1=O,0.65,6.66,30.0
N=C(N)N=c1[nH]c(CSCCC(=N)NS(N)(=O)=O)cs1,-0.56,6.48,25.0
N=C(N)N=c1[nH]c(CSCCC(=N)NS(N)(=O)=O)cs1,-0.56,9.06,25.0
N=C(N)N=c1[nH]c(CSCCC(=N)NS(N)(=O)=O)cs1,-0.56,6.09,25.0
N=C(N)N=c1[nH]c(CSCCC(=N)NS(N)(=O)=O)cs1,-0.56,7.83,25.0
N=C(N)N=c1[nH]c(CSCCC(=N)NS(N)(=O)=O)cs1,-0.56,7.54,25.0
N=C(N)N=c1[nH]c(CSCCC(=N)NS(N)(=O)=O)cs1,-0.56,8.71,25.0
N=C(N)N=c1[nH]c(CSCCC(=N)NS(N)(=O)=O)cs1,-0.56,6.89,25.0
N=C(N)N=c1[nH]c(CSCCC(=N)NS(N)(=O)=O)cs1,-0.56,8.2,25.0
N#CC(C#N)=NNc1ccc(Cl)cc1,3.39,7.2,25.0
N#CC(C#N)=NNc1cccc(Cl)c1,3.38,5.0,25.0
N#CC(C#N)=NNc1ccc(Cl)cc1,3.39,3.0,25.0
N#CC(C#N)=NNc1ccc(Cl)cc1,3.39,5.0,25.0
N#CC(C#N)=NNc1cccc(Cl)c1,3.38,7.2,25.0
N#CC(C#N)=NNc1cccc(Cl)c1,3.38,3.0,25.0
N#CC(C#N)=NNc1ccccc1[N+](=O)[O-],2.9,5.0,25.0
N#CC(C#N)=NNc1ccccc1[N+](=O)[O-],2.9,7.2,25.0
N#CC(C#N)=NNc1ccc([N+](=O)[O-])cc1,2.37,5.0,25.0
N#CC(C#N)=NNc1ccc([N+](=O)[O-])cc1,2.37,7.2,25.0
CC(=O)c1ccc(N)cc1,0.83,10.66,37.0
N#CC(C#N)=NNc1ccc([N+](=O)[O-])cc1,2.37,3.0,25.0
N#CC(C#N)=NNc1ccccc1[N+](=O)[O-],2.9,3.0,25.0
N#CC(C#N)=NNc1ccccc1,2.64,7.2,25.0
N#CC(C#N)=NNc1ccccc1,2.64,5.0,25.0
N#CC(C#N)=NNc1ccccc1,2.64,3.0,25.0
N#CC(C#N)=NNc1cccc(O)c1,2.28,3.0,25.0
N#CC(C#N)=NNc1cccc(O)c1,2.28,5.0,25.0
N#CC(C#N)=NNc1cccc(O)c1,2.28,7.2,25.0
Oc1cccc2cccnc12,1.96,7.75,20.0
Oc1cccc2cccnc12,1.96,6.36,20.0
Oc1cccc2cccnc12,1.96,8.55,20.0
Oc1cccc2cccnc12,1.96,5.83,20.0
Oc1cccc2cccnc12,1.96,9.57,20.0
Oc1cccc2cccnc12,1.96,4.03,20.0
Oc1cccc2cccnc12,1.96,9.7,20.0
Oc1cccc2cccnc12,1.96,9.83,20.0
Oc1cccc2cccnc12,1.96,9.95,20.0
Oc1cccc2cccnc12,1.96,9.76,20.0
Oc1cccc2cccnc12,1.96,11.07,20.0
Oc1cccc2cccnc12,1.96,7.36,25.0
O=C(N=c1cn[nH]s1)Nc1ccccc1,1.77,7.0,25.0
O=C(O)/C=C/c1ccccc1,2.13,3.48,25.0
O=C(O)/C=C\c1ccccc1,2.13,2.62,18.0
CC(=O)Oc1ccccc1C(=O)O,1.19,3.0,30.0
CC(=O)Oc1ccccc1C(=O)O,1.19,2.0,25.0
CC(=O)Oc1ccccc1C(=O)O,1.19,4.0,25.0
CC(=O)Oc1ccccc1C(=O)O,1.19,7.4,22.0
CC(=O)Oc1ccccc1C(=O)O,1.19,5.0,22.0
CC(=O)Oc1ccccc1C(=O)O,1.19,4.33,25.6
CC(=O)Oc1ccccc1C(=O)O,1.19,6.5,25.0
CC(=O)Oc1ccccc1C(=O)O,1.19,1.0,37.0
CC(=O)Oc1ccccc1C(=O)O,1.19,1.2,22.0
COC(=O)N=c1[nH]c2ccccc2[nH]1,1.52,8.0,20.0
COC(=O)N=c1[nH]c2ccccc2[nH]1,1.52,7.0,20.0
Nc1ccc(S(=O)(=O)N=c2[nH]ccs2)cc1,0.05,6.75,37.0
Nc1ccc(S(=O)(=O)N=c2[nH]ccs2)cc1,0.05,7.89,37.0
Nc1ccc(S(=O)(=O)N=c2[nH]ccs2)cc1,0.05,7.51,25.0
Nc1ccc(S(=O)(=O)N=c2[nH]ccs2)cc1,0.05,7.25,25.0
Nc1ccc(S(=O)(=O)N=c2[nH]ccs2)cc1,0.05,7.28,25.0
Nc1ccc(S(=O)(=O)N=c2[nH]ccs2)cc1,0.05,7.3,25.0
Nc1ccc(S(=O)(=O)N=c2[nH]ccs2)cc1,0.05,7.23,25.0
Nc1ccc(S(=O)(=O)N=c2[nH]ccs2)cc1,0.05,7.59,37.0
Nc1ccc(S(=O)(=O)N=c2[nH]ccs2)cc1,0.05,7.4,37.0
Nc1ccc(S(=O)(=O)N=c2[nH]ccs2)cc1,0.05,7.64,25.0
Nc1ccc(S(=O)(=O)N=c2[nH]ccs2)cc1,0.05,7.68,37.0
Nc1ccc(S(=O)(=O)N=c2[nH]ccs2)cc1,0.05,7.71,37.0
Nc1ccc(S(=O)(=O)N=c2[nH]ccs2)cc1,0.05,7.44,37.0
Nc1ccc(S(=O)(=O)N=c2[nH]ccs2)cc1,0.05,7.61,25.0
Nc1ccc(S(=O)(=O)N=c2[nH]ccs2)cc1,0.05,6.5,37.0
Nc1ccc(S(=O)(=O)N=c2[nH]ccs2)cc1,0.05,7.35,37.0
Nc1ccc(S(=O)(=O)N=c2[nH]ccs2)cc1,0.05,8.06,25.0
Nc1ccc(S(=O)(=O)N=c2[nH]ccs2)cc1,0.05,7.81,37.0
Nc1ccc(S(=O)(=O)N=c2[nH]ccs2)cc1,0.05,4.61,37.0
Nc1ccc(S(=O)(=O)N=c2[nH]ccs2)cc1,0.05,7.9,37.0
Nc1ccc(S(=O)(=O)N=c2[nH]ccs2)cc1,0.05,7.79,37.0
Nc1ccc(S(=O)(=O)N=c2[nH]ccs2)cc1,0.05,6.48,25.0
Nc1ccc(S(=O)(=O)N=c2[nH]ccs2)cc1,0.05,6.67,25.0
Nc1ccc(S(=O)(=O)N=c2[nH]ccs2)cc1,0.05,6.85,25.0
Nc1ccc(S(=O)(=O)N=c2[nH]ccs2)cc1,0.05,6.88,37.0
Nc1ccc(S(=O)(=O)N=c2[nH]ccs2)cc1,0.05,6.49,37.0
Nc1ccc(S(=O)(=O)N=c2[nH]ccs2)cc1,0.05,6.72,37.0
Nc1ccc(S(=O)(=O)N=c2[nH]ccs2)cc1,0.05,7.38,25.0
Nc1ccc(S(=O)(=O)N=c2[nH]ccs2)cc1,0.05,7.32,25.0
Nc1ccc(S(=O)(=O)N=c2[nH]ccs2)cc1,0.05,6.32,25.0
Nc1ccc(S(=O)(=O)N=c2[nH]ccs2)cc1,0.05,6.17,25.0
Nc1ccc(S(=O)(=O)N=c2[nH]ccs2)cc1,0.05,6.12,25.0
Nc1ccc(S(=O)(=O)N=c2[nH]ccs2)cc1,0.05,5.8,37.0
Nc1ccc(S(=O)(=O)N=c2[nH]ccs2)cc1,0.05,5.89,37.0
Nc1ccc(S(=O)(=O)N=c2[nH]ccs2)cc1,0.05,7.78,37.0
Nc1ccc(S(=O)(=O)N=c2[nH]ccs2)cc1,0.05,5.9,37.0
Nc1ccc(S(=O)(=O)N=c2[nH]ccs2)cc1,0.05,6.08,37.0
Nc1ccc(S(=O)(=O)N=c2[nH]ccs2)cc1,0.05,4.9,37.0
Nc1ccc(S(=O)(=O)N=c2[nH]ccs2)cc1,0.05,7.06,37.0
Nc1ccc(S(=O)(=O)N=c2[nH]ccs2)cc1,0.05,7.12,37.0
Nc1ccc(S(=O)(=O)N=c2[nH]ccs2)cc1,0.05,7.1,37.0
Nc1ccc(S(=O)(=O)N=c2[nH]ccs2)cc1,0.05,7.02,37.0
Nc1ccc(S(=O)(=O)N=c2[nH]ccs2)cc1,0.05,7.07,37.0
Nc1ccc(S(=O)(=O)N=c2[nH]ccs2)cc1,0.05,6.9,37.0
Nc1ccc(S(=O)(=O)N=c2[nH]ccs2)cc1,0.05,6.33,25.0
Cc1n[nH]c(=NS(=O)(=O)c2ccc(N)cc2)s1,0.54,5.17,37.0
Cc1n[nH]c(=NS(=O)(=O)c2ccc(N)cc2)s1,0.54,4.91,37.0
Cc1n[nH]c(=NS(=O)(=O)c2ccc(N)cc2)s1,0.54,4.82,37.0
Cc1n[nH]c(=NS(=O)(=O)c2ccc(N)cc2)s1,0.54,5.57,37.0
Cc1n[nH]c(=NS(=O)(=O)c2ccc(N)cc2)s1,0.54,2.04,37.0
Cc1n[nH]c(=NS(=O)(=O)c2ccc(N)cc2)s1,0.54,5.53,37.0
Cc1n[nH]c(=NS(=O)(=O)c2ccc(N)cc2)s1,0.54,1.17,37.0
Cc1n[nH]c(=NS(=O)(=O)c2ccc(N)cc2)s1,0.54,1.88,37.0
Cc1n[nH]c(=NS(=O)(=O)c2ccc(N)cc2)s1,0.54,4.56,37.0
Cc1n[nH]c(=NS(=O)(=O)c2ccc(N)cc2)s1,0.54,5.29,25.0
Cc1n[nH]c(=NS(=O)(=O)c2ccc(N)cc2)s1,0.54,3.05,25.0
Cc1n[nH]c(=NS(=O)(=O)c2ccc(N)cc2)s1,0.54,7.48,37.0
Cc1n[nH]c(=NS(=O)(=O)c2ccc(N)cc2)s1,0.54,6.2,37.0
Cc1n[nH]c(=NS(=O)(=O)c2ccc(N)cc2)s1,0.54,2.41,37.0
Cc1n[nH]c(=NS(=O)(=O)c2ccc(N)cc2)s1,0.54,6.3,37.0
Cc1n[nH]c(=NS(=O)(=O)c2ccc(N)cc2)s1,0.54,6.08,37.0
Cc1n[nH]c(=NS(=O)(=O)c2ccc(N)cc2)s1,0.54,4.5,37.0
Cc1n[nH]c(=NS(=O)(=O)c2ccc(N)cc2)s1,0.54,5.5,37.0
Cc1n[nH]c(=NS(=O)(=O)c2ccc(N)cc2)s1,0.54,6.14,37.0
Cc1n[nH]c(=NS(=O)(=O)c2ccc(N)cc2)s1,0.54,5.0,37.0
Cc1n[nH]c(=NS(=O)(=O)c2ccc(N)cc2)s1,0.54,6.6,37.0
Cc1n[nH]c(=NS(=O)(=O)c2ccc(N)cc2)s1,0.54,6.0,37.0
Cc1n[nH]c(=NS(=O)(=O)c2ccc(N)cc2)s1,0.54,1.24,37.0
Cc1n[nH]c(=NS(=O)(=O)c2ccc(N)cc2)s1,0.54,3.39,37.0
Cc1n[nH]c(=NS(=O)(=O)c2ccc(N)cc2)s1,0.54,2.92,37.0
Cc1n[nH]c(=NS(=O)(=O)c2ccc(N)cc2)s1,0.54,7.3,37.0
Cc1n[nH]c(=NS(=O)(=O)c2ccc(N)cc2)s1,0.54,3.57,37.0
Cc1n[nH]c(=NS(=O)(=O)c2ccc(N)cc2)s1,0.54,6.32,37.0
CCc1ccc(C(=O)O)cc1,2.89,3.0,22.0
CC(C)COC(=O)n1cc(F)c(=O)[nH]c1=O,0.87,4.0,22.0
CCCCOC(=O)n1cc(F)c(=O)[nH]c1=O,0.89,4.0,22.0
NC(Cc1ccc(O)cc1)C(=O)O,-2.26,7.0,25.0
C=CCC1(CC)C(=O)NC(=O)NC1=O,0.95,3.5,23.0
N=c1[nH]c(=O)c2ncn(COC(CO)CO)c2[nH]1,-1.66,7.0,23.0
CCC1(C(C)C)C(=O)NC(=O)NC1=O,0.97,5.0,33.0
CCC1(C(C)C)C(=O)NC(=O)NC1=O,0.97,7.9,33.0
CCC1(CC)C(=O)NC(=O)N(C)C1=O,1.15,8.3,25.0
CCC1(CC)C(=O)NC(=O)N(C)C1=O,1.15,4.7,25.0
CCCC1(CC)C(=O)NC(=O)NC1=O,0.66,5.0,25.0
CCC1(C(C)C)C(=O)NC(=O)NC1=O,0.97,5.0,25.0
CCC1(C(C)C)C(=O)NC(=O)NC1=O,0.97,7.9,25.0
CC(C)N=c1nc(Cl)[nH]c(=NC(C)C)[nH]1,2.93,10.0,20.0
CCC(CC)(C(=O)NC(N)=O)C(=O)OC,0.95,3.5,23.0
CCN=c1[nH]c(OC)nc(=NC(C)C)[nH]1,2.69,7.0,26.0
CCN=c1[nH]c(SC)nc(=NC(C)C)[nH]1,2.98,3.0,26.0
N#CC(C#N)=NNc1ccc(OC(F)(F)F)cc1,3.68,5.0,25.0
N#CC(C#N)=NNc1ccc(OC(F)(F)F)cc1,3.68,7.2,25.0
[O-][n+]1nc(-n2ccnc2)nc2ccc(Cl)cc21,2.04,4.0,20.0
c1ccc2[nH]c(-c3cscn3)nc2c1,2.47,6.0,21.0
c1ccc2[nH]c(-c3cscn3)nc2c1,2.47,2.0,25.0
Nc1cnn(-c2ccccc2)c(=O)c1Cl,1.19,7.0,20.0
Cc1ccc(NN=C(C#N)C#N)cc1,3.2,3.0,25.0
Cc1ccc(NN=C(C#N)C#N)cc1,3.2,7.2,25.0
Cc1ccc(NN=C(C#N)C#N)cc1,3.2,5.0,25.0
Cc1cc2ccccc2cn1,2.68,8.72,20.0
Nc1c(S(=O)(=O)O)ccc2ccccc12,-0.97,2.9846,20.0
Nc1c(S(=O)(=O)O)ccc2ccccc12,-0.97,1.9387,20.0
Nc1ccc2ccccc2c1S(=O)(=O)O,-1.16,2.1277,25.0
O=C(O)CCCOc1ccc(Cl)cc1Cl,3.53,4.33,22.0
Nc1ccc(S(=O)(=O)N=c2nccc[nH]2)cc1,-0.09,6.55,37.0
Nc1ccc(S(=O)(=O)N=c2nccc[nH]2)cc1,-0.09,7.44,37.0
Nc1ccc(S(=O)(=O)N=c2nccc[nH]2)cc1,-0.09,6.8,37.0
Nc1ccc(S(=O)(=O)N=c2nccc[nH]2)cc1,-0.09,7.2,37.0
Nc1ccc(S(=O)(=O)N=c2nccc[nH]2)cc1,-0.09,6.01,25.0
Nc1ccc(S(=O)(=O)N=c2nccc[nH]2)cc1,-0.09,6.82,25.0
Nc1ccc(S(=O)(=O)N=c2nccc[nH]2)cc1,-0.09,4.89,25.0
Nc1ccc(S(=O)(=O)N=c2nccc[nH]2)cc1,-0.09,3.06,25.0
Nc1ccc(S(=O)(=O)N=c2nccc[nH]2)cc1,-0.09,6.89,37.0
Nc1ccc(S(=O)(=O)N=c2nccc[nH]2)cc1,-0.09,6.0,37.0
Nc1ccc(S(=O)(=O)N=c2nccc[nH]2)cc1,-0.09,6.12,37.0
Nc1ccc(S(=O)(=O)N=c2nccc[nH]2)cc1,-0.09,5.5,37.0
Nc1ccc(S(=O)(=O)N=c2nccc[nH]2)cc1,-0.09,4.8,37.0
Nc1ccc(S(=O)(=O)N=c2nccc[nH]2)cc1,-0.09,6.5,37.0
Nc1ccc(S(=O)(=O)N=c2nccc[nH]2)cc1,-0.09,7.94,37.0
Nc1ccc(S(=O)(=O)N=c2nccc[nH]2)cc1,-0.09,7.5,37.0
Nc1ccc(S(=O)(=O)N=c2nccc[nH]2)cc1,-0.09,7.3,37.0
Nc1ccc(S(=O)(=O)N=c2nccc[nH]2)cc1,-0.09,6.35,25.0
Nc1ccc(S(=O)(=O)N=c2nccc[nH]2)cc1,-0.09,6.38,37.0
Nc1ccc(S(=O)(=O)N=c2nccc[nH]2)cc1,-0.09,7.56,25.0
Nc1ccc(S(=O)(=O)N=c2nccc[nH]2)cc1,-0.09,5.25,37.0
Nc1ccc(S(=O)(=O)N=c2nccc[nH]2)cc1,-0.09,8.0,25.0
Nc1ccc(S(=O)(=O)N=c2nccc[nH]2)cc1,-0.09,7.67,25.0
Nc1ccc(S(=O)(=O)N=c2nccc[nH]2)cc1,-0.09,1.55,25.0
Nc1ccc(S(=O)(=O)N=c2nccc[nH]2)cc1,-0.09,2.31,25.0
Nc1ccc(S(=O)(=O)N=c2nccc[nH]2)cc1,-0.09,7.23,25.0
Nc1ccc(S(=O)(=O)N=c2nccc[nH]2)cc1,-0.09,2.69,25.0
Nc1ccc(S(=O)(=O)N=c2nccc[nH]2)cc1,-0.09,6.9,37.0
Nc1ccc(S(=O)(=O)N=c2nccc[nH]2)cc1,-0.09,5.7,37.0
Nc1ccc(S(=O)(=O)N=c2nccc[nH]2)cc1,-0.09,1.89,25.0
Nc1ccc(S(=O)(=O)N=c2nccc[nH]2)cc1,-0.09,7.4,37.0
Nc1ccc(S(=O)(=O)N=c2nccc[nH]2)cc1,-0.09,6.37,37.0
Nc1ccc(S(=O)(=O)N=c2nccc[nH]2)cc1,-0.09,7.32,37.0
Nc1ccc(S(=O)(=O)N=c2nccc[nH]2)cc1,-0.09,6.87,37.0
Nc1ccc(S(=O)(=O)N=c2nccc[nH]2)cc1,-0.09,7.85,37.0
Nc1ccc(S(=O)(=O)N=c2nccc[nH]2)cc1,-0.09,5.24,37.0
Nc1ccc(S(=O)(=O)N=c2nccc[nH]2)cc1,-0.09,6.92,37.0
Nc1ccc(S(=O)(=O)N=c2nccc[nH]2)cc1,-0.09,6.11,37.0
Nc1ccc(S(=O)(=O)N=c2nccc[nH]2)cc1,-0.09,7.6,37.0
Nc1ccc(S(=O)(=O)N=c2nccc[nH]2)cc1,-0.09,6.4,37.0
Nc1ccc(S(=O)(=O)N=c2nccc[nH]2)cc1,-0.09,5.73,37.0
Nc1ccc(S(=O)(=O)N=c2nccc[nH]2)cc1,-0.09,5.41,37.0
Nc1ccc(S(=O)(=O)N=c2nccc[nH]2)cc1,-0.09,6.93,37.0
Cc1cc(=NS(=O)(=O)c2ccc(N)cc2)[nH]o1,0.89,1.15,25.0
Cc1cc(=NS(=O)(=O)c2ccc(N)cc2)[nH]o1,0.89,2.08,25.0
Cc1cc(=NS(=O)(=O)c2ccc(N)cc2)[nH]o1,0.89,5.41,25.0
Cc1cc(=NS(=O)(=O)c2ccc(N)cc2)[nH]o1,0.89,0.45,25.0
Cc1cc(=NS(=O)(=O)c2ccc(N)cc2)[nH]o1,0.89,5.98,37.0
Cc1cc(=NS(=O)(=O)c2ccc(N)cc2)[nH]o1,0.89,4.96,37.0
Cc1cc(=NS(=O)(=O)c2ccc(N)cc2)[nH]o1,0.89,7.83,25.0
Cc1cc(=NS(=O)(=O)c2ccc(N)cc2)[nH]o1,0.89,7.16,32.0
Cc1cc(=NS(=O)(=O)c2ccc(N)cc2)[nH]o1,0.89,7.81,32.0
Cc1cc(=NS(=O)(=O)c2ccc(N)cc2)[nH]o1,0.89,7.17,25.0
Cc1cc(=NS(=O)(=O)c2ccc(N)cc2)[nH]o1,0.89,5.5,25.0
Cc1cc(=NS(=O)(=O)c2ccc(N)cc2)[nH]o1,0.89,7.0,25.0
Cc1cc(=NS(=O)(=O)c2ccc(N)cc2)[nH]o1,0.89,2.32,37.0
Cc1cc(=NS(=O)(=O)c2ccc(N)cc2)[nH]o1,0.89,1.15,37.0
Cc1cc(=NS(=O)(=O)c2ccc(N)cc2)[nH]o1,0.89,0.45,32.0
Cc1cc(=NS(=O)(=O)c2ccc(N)cc2)[nH]o1,0.89,3.36,32.0
Cc1cc(=NS(=O)(=O)c2ccc(N)cc2)[nH]o1,0.89,0.45,37.0
Cc1cc(=NS(=O)(=O)c2ccc(N)cc2)[nH]o1,0.89,5.45,32.0
Cc1cc(=NS(=O)(=O)c2ccc(N)cc2)[nH]o1,0.89,7.01,37.0
Cc1cc(=NS(=O)(=O)c2ccc(N)cc2)[nH]o1,0.89,3.43,37.0
Cc1cc(=NS(=O)(=O)c2ccc(N)cc2)[nH]o1,0.89,4.04,32.0
Cc1cc(=NS(=O)(=O)c2ccc(N)cc2)[nH]o1,0.89,7.79,37.0
Cc1cc(=NS(=O)(=O)c2ccc(N)cc2)[nH]o1,0.89,7.16,37.0
Cc1cc(=NS(=O)(=O)c2ccc(N)cc2)[nH]o1,0.89,5.48,37.0
Cc1cc(=NS(=O)(=O)c2ccc(N)cc2)[nH]o1,0.89,2.24,32.0
Cc1cc(=NS(=O)(=O)c2ccc(N)cc2)[nH]o1,0.89,1.15,32.0
Cc1cc(=NS(=O)(=O)c2ccc(N)cc2)[nH]o1,0.89,4.11,37.0
CCOc1ccc2nc(S(=O)(=O)NC)sc2c1,2.59,7.2,37.0
CCc1n[nH]c(=NS(=O)(=O)c2ccc(N)cc2)s1,1.01,7.1,37.0
CCc1n[nH]c(=NS(=O)(=O)c2ccc(N)cc2)s1,1.01,5.2,37.0
CCc1n[nH]c(=NS(=O)(=O)c2ccc(N)cc2)s1,1.01,4.5,37.0
CCc1n[nH]c(=NS(=O)(=O)c2ccc(N)cc2)s1,1.01,5.7,37.0
CCc1n[nH]c(=NS(=O)(=O)c2ccc(N)cc2)s1,1.01,6.6,37.0
CCc1n[nH]c(=NS(=O)(=O)c2ccc(N)cc2)s1,1.01,6.2,37.0
CCc1n[nH]c(=NS(=O)(=O)c2ccc(N)cc2)s1,1.01,3.8,37.0
CCc1n[nH]c(=NS(=O)(=O)c2ccc(N)cc2)s1,1.01,6.8,37.0
CCc1n[nH]c(=NS(=O)(=O)c2ccc(N)cc2)s1,1.01,4.6,37.0
CCc1n[nH]c(=NS(=O)(=O)c2ccc(N)cc2)s1,1.01,5.6,37.0
CCCOC(=O)c1ccc(O)cc1,3.04,5.46,25.0
CCCNC(=O)NS(=O)(=O)c1ccc(Cl)cc1,2.27,5.8,37.0
CCCNC(=O)NS(=O)(=O)c1ccc(Cl)cc1,2.27,5.94,37.0
CCCNC(=O)NS(=O)(=O)c1ccc(Cl)cc1,2.27,3.13,37.0
CCCNC(=O)NS(=O)(=O)c1ccc(Cl)cc1,2.27,4.41,37.0
CCCNC(=O)NS(=O)(=O)c1ccc(Cl)cc1,2.27,2.65,37.0
CCCNC(=O)NS(=O)(=O)c1ccc(Cl)cc1,2.27,3.28,37.0
CCCNC(=O)NS(=O)(=O)c1ccc(Cl)cc1,2.27,4.03,37.0
CCCNC(=O)NS(=O)(=O)c1ccc(Cl)cc1,2.27,5.66,36.0
CCCNC(=O)NS(=O)(=O)c1ccc(Cl)cc1,2.27,5.42,37.0
CCCNC(=O)NS(=O)(=O)c1ccc(Cl)cc1,2.27,4.92,37.0
CCCNC(=O)NS(=O)(=O)c1ccc(Cl)cc1,2.27,6.23,37.0
CCCNC(=O)NS(=O)(=O)c1ccc(Cl)cc1,2.27,5.48,37.0
CCCNC(=O)NS(=O)(=O)c1ccc(Cl)cc1,2.27,6.01,37.0
CCC(C)c1ccc(O)c([N+](=O)[O-])c1,3.84,1.5,20.0
CC(=O)N(C)S(=O)(=O)c1ccc(C)cc1,1.73,7.4,22.0
Cc1cn(C2CC(N=[N+]=[N-])C(CO)O2)c(=O)[nH]c1=O,0.04,7.0,25.0
N=c1[nH]c(=O)c2ncn(C3OC(CO)C(O)C3O)c2[nH]1,-1.89,7.0,23.0
CN(C)CNC(=O)c1ccccc1,0.85,11.2,22.0
CCC(C)C1(CC)C(=O)NC(=O)NC1=O,1.65,5.0,33.0
CCC(C)C1(CC)C(=O)NC(=O)NC1=O,1.65,5.0,25.0
CCC(C)C1(CC)C(=O)NC(=O)NC1=O,1.65,4.7,25.0
CCCCC1(CC)C(=O)NC(=O)NC1=O,1.73,5.0,25.0
CCC(C)C1(CC)C(=O)NC(=O)NC1=O,1.65,8.0,25.0
CCC(C)C1(CC)C(=O)NC(=O)NC1=O,1.65,8.0,33.0
CCCCC1(CC)C(=O)NC(=O)NC1=O,1.73,7.9,33.0
CCCCC1(CC)C(=O)NC(=O)NC1=O,1.73,7.9,25.0
CN=C(NCCSCc1[nH]cnc1C)NC#N,0.4,5.0,25.0
CN=C(NCCSCc1[nH]cnc1C)NC#N,0.4,6.8,25.0
CN=C(NCCSCc1[nH]cnc1C)NC#N,0.4,7.4,25.0
CCOC(=O)C(CC)(CC)C(=O)NC(N)=O,1.45,3.5,23.0
CCCC(=O)OC(C)OP(=O)(OCC)OCC,3.51,7.0,25.0
N#CC(C#N)=NNc1ccc(C(=O)CCl)cc1,2.15,7.0,25.0
N#CC(C#N)=NNc1ccc(C(=O)CCl)cc1,2.15,5.0,25.0
O=C(Oc1ccccc1)n1c(=O)[nH]cc(F)c1=O,1.73,4.0,22.0
O=C(Oc1ccccc1)n1cc(F)c(=O)[nH]c1=O,0.64,4.0,22.0
Cc1cnc2c(C(=O)O)c(Cl)ccc2c1,-1.11,9.0,25.0
CC(=O)c1ccc(NN=C(C#N)C#N)cc1,2.1,3.0,25.0
O=C(O)c1ccc2ccccc2c1,3.28,1.0,25.0
N#CC(C#N)=NNc1ccc(CCCl)cc1,3.58,5.0,25.0
N#CC(C#N)=NNc1ccc(CCCl)cc1,3.58,7.2,25.0
N#CC(C#N)=NNc1ccc(CCCl)cc1,3.58,3.0,25.0
CC(=O)Nc1ccc(NN=C(C#N)C#N)cc1,1.83,3.0,25.0
CC(=O)Nc1ccc(NN=C(C#N)C#N)cc1,1.83,7.2,25.0
CC(=O)Nc1ccc(NN=C(C#N)C#N)cc1,1.83,5.0,25.0
Nc1ccc(S(=O)(=O)N=c2[nH]cccc2Cl)cc1,0.82,7.0,37.0
Nc1ccc(S(=O)(=O)N=c2cccc[nH]2)cc1,0.35,7.81,37.0
Nc1ccc(S(=O)(=O)N=c2cccc[nH]2)cc1,0.35,7.25,37.0
Nc1ccc(S(=O)(=O)N=c2cccc[nH]2)cc1,0.35,5.1,37.0
N=c1[nH]c(N)ccc1N=Nc1ccccc1,1.73,4.46,25.0
N=c1[nH]c(N)ccc1N=Nc1ccccc1,1.73,4.78,25.0
N=c1[nH]c(N)ccc1N=Nc1ccccc1,1.73,4.4,25.0
N=c1[nH]c(N)ccc1N=Nc1ccccc1,1.73,5.37,25.0
Cc1cc(=O)n(-c2ccccc2)n1C,0.38,7.4,25.0
CCC1(c2ccccc2)NC(=O)NC1=O,1.34,7.0,37.0
Cc1cc[nH]c(=NS(=O)(=O)c2ccc(N)cc2)n1,0.14,5.5,37.0
Cc1cc[nH]c(=NS(=O)(=O)c2ccc(N)cc2)n1,0.14,7.5,37.0
Cc1cc[nH]c(=NS(=O)(=O)c2ccc(N)cc2)n1,0.14,6.5,37.0
Cc1cc[nH]c(=NS(=O)(=O)c2ccc(N)cc2)n1,0.14,4.58,25.0
Cc1cc[nH]c(=NS(=O)(=O)c2ccc(N)cc2)n1,0.14,4.58,30.0
Cc1cc[nH]c(=NS(=O)(=O)c2ccc(N)cc2)n1,0.14,4.58,35.0
Cc1cc[nH]c(=NS(=O)(=O)c2ccc(N)cc2)n1,0.14,4.58,40.0
Cc1cc[nH]c(=NS(=O)(=O)c2ccc(N)cc2)n1,0.14,5.5,25.0
Cc1cc[nH]c(=NS(=O)(=O)c2ccc(N)cc2)n1,0.14,7.0,25.0
Cc1cc[nH]c(=NS(=O)(=O)c2ccc(N)cc2)n1,0.14,5.24,37.0
Cc1cc[nH]c(=NS(=O)(=O)c2ccc(N)cc2)n1,0.14,5.41,37.0
Cc1cc[nH]c(=NS(=O)(=O)c2ccc(N)cc2)n1,0.14,6.27,37.0
Cc1cc[nH]c(=NS(=O)(=O)c2ccc(N)cc2)n1,0.14,6.41,37.0
Cc1cc[nH]c(=NS(=O)(=O)c2ccc(N)cc2)n1,0.14,6.95,37.0
Cc1cc[nH]c(=NS(=O)(=O)c2ccc(N)cc2)n1,0.14,7.07,37.0
Cc1cc[nH]c(=NS(=O)(=O)c2ccc(N)cc2)n1,0.14,7.3,37.0
Cc1cc[nH]c(=NS(=O)(=O)c2ccc(N)cc2)n1,0.14,7.57,37.0
Cc1cc[nH]c(=NS(=O)(=O)c2ccc(N)cc2)n1,0.14,6.0,37.0
Cc1cc[nH]c(=NS(=O)(=O)c2ccc(N)cc2)n1,0.14,4.9,37.0
Cc1cc[nH]c(=NS(=O)(=O)c2ccc(N)cc2)n1,0.14,5.9,37.0
Cc1cc[nH]c(=NS(=O)(=O)c2ccc(N)cc2)n1,0.14,6.4,37.0
Cc1cc[nH]c(=NS(=O)(=O)c2ccc(N)cc2)n1,0.14,6.8,37.0
Cc1cc[nH]c(=NS(=O)(=O)c2ccc(N)cc2)n1,0.14,7.2,37.0
Cc1cc[nH]c(=NS(=O)(=O)c2ccc(N)cc2)n1,0.14,7.6,37.0
COc1cnc(=NS(=O)(=O)c2ccc(N)cc2)[nH]c1,0.41,6.62,37.0
COc1ccc(=NS(=O)(=O)c2ccc(N)cc2)[nH]n1,0.32,6.2,37.0
COc1cnc(=NS(=O)(=O)c2ccc(N)cc2)[nH]c1,0.41,8.48,37.0
COc1cnc(=NS(=O)(=O)c2ccc(N)cc2)[nH]c1,0.41,8.07,37.0
COc1cnc(=NS(=O)(=O)c2ccc(N)cc2)[nH]c1,0.41,7.67,37.0
COc1cnc(=NS(=O)(=O)c2ccc(N)cc2)[nH]c1,0.41,8.88,37.0
COc1cnc(=NS(=O)(=O)c2ccc(N)cc2)[nH]c1,0.41,7.22,37.0
COc1cnc(=NS(=O)(=O)c2ccc(N)cc2)[nH]c1,0.41,6.96,37.0
COc1ccc(=NS(=O)(=O)c2ccc(N)cc2)[nH]n1,0.32,7.0,37.0
COc1ccc(=NS(=O)(=O)c2ccc(N)cc2)[nH]n1,0.32,6.5,37.0
COc1ccc(=NS(=O)(=O)c2ccc(N)cc2)[nH]n1,0.32,4.5,37.0
COc1ccc(=NS(=O)(=O)c2ccc(N)cc2)[nH]n1,0.32,4.8,37.0
COc1ccc(=NS(=O)(=O)c2ccc(N)cc2)[nH]n1,0.32,5.4,37.0
COc1ccc(=NS(=O)(=O)c2ccc(N)cc2)[nH]n1,0.32,5.9,37.0
COc1ccc(=NS(=O)(=O)c2ccc(N)cc2)[nH]n1,0.32,5.0,37.0
COc1cnc(=NS(=O)(=O)c2ccc(N)cc2)[nH]c1,0.41,5.37,37.0
COc1ccc(=NS(=O)(=O)c2ccc(N)cc2)[nH]n1,0.32,6.0,37.0
CC(=O)Nc1cc(NS(=O)(=O)C(F)(F)F)c(C)cc1C,2.02,4.0515,22.0
CN(C)C(=O)COC(=O)c1ccccc1O,1.21,7.4,21.0
Cc1[nH]oc(=NS(=O)(=O)c2ccc(N)cc2)c1C,1.01,1.17,25.0
Cc1[nH]oc(=NS(=O)(=O)c2ccc(N)cc2)c1C,1.01,3.3,37.0
Cc1c/c(=N\S(=O)(=O)c2ccc(N)cc2)n(C)o1,0.48,6.0,37.0
Cc1[nH]c(=NS(=O)(=O)c2ccc(N)cc2)oc1C,0.59,5.98,37.0
Cc1cc(N(C)S(=O)(=O)c2ccc(N)cc2)no1,1.76,7.0,37.0
Cc1[nH]c(=NS(=O)(=O)c2ccc(N)cc2)oc1C,0.59,4.96,37.0
Cc1[nH]c(=NS(=O)(=O)c2ccc(N)cc2)oc1C,0.59,1.3,47.0
Cc1[nH]c(=NS(=O)(=O)c2ccc(N)cc2)oc1C,0.59,6.76,37.0
Cc1[nH]oc(=NS(=O)(=O)c2ccc(N)cc2)c1C,1.01,6.0,37.0
Cc1[nH]oc(=NS(=O)(=O)c2ccc(N)cc2)c1C,1.01,6.0,25.0
Cc1[nH]oc(=NS(=O)(=O)c2ccc(N)cc2)c1C,1.01,6.8,37.0
Cc1[nH]oc(=NS(=O)(=O)c2ccc(N)cc2)c1C,1.01,6.4,37.0
Cc1[nH]oc(=NS(=O)(=O)c2ccc(N)cc2)c1C,1.01,5.0,25.0
Cc1[nH]oc(=NS(=O)(=O)c2ccc(N)cc2)c1C,1.01,4.5,37.0
Cc1[nH]oc(=NS(=O)(=O)c2ccc(N)cc2)c1C,1.01,5.0,37.0
Cc1[nH]oc(=NS(=O)(=O)c2ccc(N)cc2)c1C,1.01,7.2,37.0
Cc1[nH]oc(=NS(=O)(=O)c2ccc(N)cc2)c1C,1.01,5.5,37.0
Cc1[nH]oc(=NS(=O)(=O)c2ccc(N)cc2)c1C,1.01,5.9,37.0
Cc1[nH]oc(=NS(=O)(=O)c2ccc(N)cc2)c1C,1.01,6.3,37.0
CCCc1n[nH]c(=NS(=O)(=O)c2ccc(N)cc2)s1,0.54,5.34,37.0
CCCc1n[nH]c(=NS(=O)(=O)c2ccc(N)cc2)s1,0.54,4.72,37.0
CCCc1n[nH]c(=NS(=O)(=O)c2ccc(N)cc2)s1,0.54,4.63,37.0
CCCc1n[nH]c(=NS(=O)(=O)c2ccc(N)cc2)s1,0.54,6.14,37.0
CCCc1n[nH]c(=NS(=O)(=O)c2ccc(N)cc2)s1,0.54,5.89,37.0
CC(C)c1n[nH]c(=NS(=O)(=O)c2ccc(N)cc2)s1,0.54,3.85,37.0
CC(C)c1n[nH]c(=NS(=O)(=O)c2ccc(N)cc2)s1,0.54,4.61,37.0
CC(C)c1n[nH]c(=NS(=O)(=O)c2ccc(N)cc2)s1,0.54,4.02,37.0
CCCc1n[nH]c(=NS(=O)(=O)c2ccc(N)cc2)s1,0.54,5.57,37.0
CCCc1n[nH]c(=NS(=O)(=O)c2ccc(N)cc2)s1,0.54,5.39,37.0
CC(C)c1n[nH]c(=NS(=O)(=O)c2ccc(N)cc2)s1,0.54,5.23,37.0
CC(C)c1n[nH]c(=NS(=O)(=O)c2ccc(N)cc2)s1,0.54,6.5,37.0
CC(C)c1n[nH]c(=NS(=O)(=O)c2ccc(N)cc2)s1,0.54,6.79,37.0
CC(C)c1n[nH]c(=NS(=O)(=O)c2ccc(N)cc2)s1,0.54,5.54,37.0
CC(C)c1n[nH]c(=NS(=O)(=O)c2ccc(N)cc2)s1,0.54,5.95,37.0
CC(C)c1n[nH]c(=NS(=O)(=O)c2ccc(N)cc2)s1,0.54,6.55,37.0
CC(C)c1n[nH]c(=NS(=O)(=O)c2ccc(N)cc2)s1,0.54,6.63,37.0
CC(C)c1n[nH]c(=NS(=O)(=O)c2ccc(N)cc2)s1,0.54,6.87,37.0
CCCc1n[nH]c(=NS(=O)(=O)c2ccc(N)cc2)s1,0.54,3.44,37.0
CCCc1n[nH]c(=NS(=O)(=O)c2ccc(N)cc2)s1,0.54,6.58,37.0
CCCc1n[nH]c(=NS(=O)(=O)c2ccc(N)cc2)s1,0.54,4.09,37.0
CCCc1n[nH]c(=NS(=O)(=O)c2ccc(N)cc2)s1,0.54,6.31,37.0
CCCc1n[nH]c(=NS(=O)(=O)c2ccc(N)cc2)s1,0.54,6.55,37.0
CC(C)c1n[nH]c(=NS(=O)(=O)c2ccc(N)cc2)s1,0.54,6.46,37.0
CC(C)c1n[nH]c(=NS(=O)(=O)c2ccc(N)cc2)s1,0.54,5.45,37.0
CC(C)c1n[nH]c(=NS(=O)(=O)c2ccc(N)cc2)s1,0.54,5.98,37.0
CC(C)c1n[nH]c(=NS(=O)(=O)c2ccc(N)cc2)s1,0.54,6.38,37.0
CCCCc1ccc(C(=O)O)cc1,3.97,3.0,22.0
CCCCCCOC(=O)n1cc(F)c(=O)[nH]c1=O,2.04,4.0,22.0
CCCCOC(=O)c1ccc(N)cc1,2.87,7.4,37.0
CNC(=O)Oc1ccc(N(C)C)c(C)c1,1.9,9.0,20.0
CC/C=C(\C)C1(CC)C(=O)NC(=O)NC1=O,1.57,5.0,25.0
C=CCC1(C(C)CC)C(=O)NC(=O)NC1=O,1.47,7.4,25.0
CC/C=C(\C)C1(CC)C(=O)NC(=O)NC1=O,1.57,7.9,25.0
CC/C=C(\C)C1(CC)C(=O)NC(=O)NC1=O,1.57,5.0,33.0
CC/C=C(\C)C1(CC)C(=O)NC(=O)NC1=O,1.57,7.9,33.0
CCCCNC(=O)NS(=O)(=O)c1ccccc1,1.96,5.09,37.0
CCCCNC(=O)NS(=O)(=O)c1ccccc1,1.96,3.12,37.0
CCCCNC(=O)NS(=O)(=O)c1ccccc1,1.96,6.02,37.0
CCCCNC(=O)NS(=O)(=O)c1ccccc1,1.96,6.63,37.0
CCCCNC(=O)NS(=O)(=O)c1ccccc1,1.96,5.76,37.0
CCCCNC(=O)NS(=O)(=O)c1ccccc1,1.96,4.31,37.0
CCCCNC(=O)NS(=O)(=O)c1ccccc1,1.96,6.36,37.0
CCCCNC(=O)NS(=O)(=O)c1ccccc1,1.96,6.4,37.0
CCCCNC(=O)NS(=O)(=O)c1ccccc1,1.96,6.49,37.0
CCCCNC(=O)NS(=O)(=O)c1ccccc1,1.96,5.67,37.0
CCCCNC(=O)NS(=O)(=O)c1ccccc1,1.96,3.91,37.0
C=CCC(CC=C)(C(=O)NC(N)=O)C(=O)OC,1.37,3.5,23.0
CCCCNC(=O)NS(=O)(=O)c1ccc(N)cc1,1.01,7.45,39.0
CCCCNC(=O)NS(=O)(=O)c1ccc(N)cc1,1.01,7.0,39.0
CCCCNC(=O)NS(=O)(=O)c1ccc(N)cc1,1.01,7.2,39.0
CCCCNC(=O)NS(=O)(=O)c1ccc(N)cc1,1.01,6.42,39.0
CCCCNC(=O)NS(=O)(=O)c1ccc(N)cc1,1.01,6.17,37.0
CCCCNC(=O)NS(=O)(=O)c1ccc(N)cc1,1.01,7.3,39.0
CCCCNC(=O)NS(=O)(=O)c1ccc(N)cc1,1.01,4.33,37.0
CCCCNC(=O)NS(=O)(=O)c1ccc(N)cc1,1.01,5.43,37.0
CCCCNC(=O)NS(=O)(=O)c1ccc(N)cc1,1.01,4.5,37.0
CCCCNC(=O)NS(=O)(=O)c1ccc(N)cc1,1.01,6.65,39.0
CCCCNC(=O)NS(=O)(=O)c1ccc(N)cc1,1.01,6.75,39.0
CCCCNC(=O)NS(=O)(=O)c1ccc(N)cc1,1.01,7.25,39.0
CCCCNC(=O)NS(=O)(=O)c1ccc(N)cc1,1.01,6.5,39.0
CCCCNC(=O)NS(=O)(=O)c1ccc(N)cc1,1.01,4.73,37.0
CCCCNC(=O)NS(=O)(=O)c1ccc(N)cc1,1.01,6.19,37.0
CCCCNC(=O)NS(=O)(=O)c1ccc(N)cc1,1.01,5.0,39.0
CCCCNC(=O)NS(=O)(=O)c1ccc(N)cc1,1.01,2.6,39.0
CCCCNC(=O)NS(=O)(=O)c1ccc(N)cc1,1.01,0.1,39.0
CCCCNC(=O)NS(=O)(=O)c1ccc(N)cc1,1.01,3.8,39.0
CCCCNC(=O)NS(=O)(=O)c1ccc(N)cc1,1.01,2.2,39.0
CCCCNC(=O)NS(=O)(=O)c1ccc(N)cc1,1.01,6.18,39.0
CCCCNC(=O)NS(=O)(=O)c1ccc(N)cc1,1.01,3.89,37.0
CCCCNC(=O)NS(=O)(=O)c1ccc(N)cc1,1.01,3.96,37.0
CCCCNC(=O)NS(=O)(=O)c1ccc(N)cc1,1.01,3.26,37.0
CCCCNC(=O)NS(=O)(=O)c1ccc(N)cc1,1.01,6.71,37.0
CCCCNC(=O)NS(=O)(=O)c1ccc(N)cc1,1.01,5.85,37.0
CCCCNC(=O)NS(=O)(=O)c1ccc(N)cc1,1.01,5.87,37.0
CCCCNC(=O)NS(=O)(=O)c1ccc(N)cc1,1.01,6.44,37.0
CCCCNC(=O)NS(=O)(=O)c1ccc(N)cc1,1.01,5.64,37.0
CCCCNC(=O)NS(=O)(=O)c1ccc(N)cc1,1.01,6.5,37.0
CCCCNC(=O)NS(=O)(=O)c1ccc(N)cc1,1.01,1.5,39.0
CCCCNC(=O)NS(=O)(=O)c1ccc(N)cc1,1.01,6.64,37.0
CCCCNC(=O)NS(=O)(=O)c1ccc(N)cc1,1.01,0.9,39.0
CCCCNC(=O)NS(=O)(=O)c1ccc(N)cc1,1.01,1.3,39.0
CCCC(C)C1(CC)C(=O)NC(=S)NC1=O,2.85,7.4,25.0
CCCC(C)C1(CC)C(=O)NC(=S)NC1=O,2.85,5.0,25.0
CCCC(C)C1(CC)C(=O)NC(=S)NC1=O,2.85,4.7,25.0
CCCC(C)C1(CC)C(=O)NC(=S)NC1=O,2.85,3.0,25.0
CCCC(C)C1(CC)C(=O)NC(=S)NC1=O,2.85,4.4,25.0
CCC(C)CC1(CC)C(=O)NC(=O)NC1=O,2.1,7.4,25.0
CCC(C)CC1(CC)C(=O)NC(=O)NC1=O,2.1,5.0,25.0
CCC(C)CC1(CC)C(=O)NC(=O)NC1=O,2.1,5.1,25.0
CCC(C)CC1(CC)C(=O)NC(=O)NC1=O,2.1,8.0,25.0
CCC1(CCC(C)C)C(=O)NC(=O)NC1=O,2.07,5.0,25.0
CCC(C)CC1(CC)C(=O)NC(=O)NC1=O,2.1,4.4,25.0
CCC1(CCC(C)C)C(=O)NC(=O)NC1=O,2.07,4.9,25.0
CCC(C)CC1(CC)C(=O)NC(=O)NC1=O,2.1,4.7,25.0
CCC1(CCC(C)C)C(=O)NC(=O)NC1=O,2.07,7.9,33.0
CCC(CC)(C(=O)NC(N)=O)C(=O)OCC(=O)OC,0.99,3.5,23.0
CCCCc1c(C)[nH]c(=NCC)[nH]c1=O,2.3,7.84,22.0
CCCCc1c(C)[nH]c(N(C)C)nc1=O,1.9,7.58,25.0
CCC(CC)(C(=O)NC(N)=O)C(=O)OC(C)C,1.99,3.5,23.0
CCN(CC)c1nc(C)cc(OP(=S)(OC)OC)n1,4.2,5.2,30.0
CCN(CC)c1nc(C)cc(OP(=S)(OC)OC)n1,4.2,7.3,20.0
CCN(CC)c1nc(C)cc(OP(=S)(OC)OC)n1,4.2,9.3,30.0
C=CCCCCCCCCC(=O)O,3.86,4.2145,30.0
O=C(OCc1ccccc1)n1cc(F)c(=O)[nH]c1=O,1.18,4.0,22.0
O=C(OCn1c(=O)[nH]cc(F)c1=O)Oc1ccccc1,1.11,4.0,22.0
COC(=O)n1c(-c2cscn2)nc2ccccc21,2.05,6.0,21.0
O=C(N=c1cc[nH]c(Cl)c1)Nc1ccccc1,3.2,6.4,21.0
Oc1ccccc1-c1ccccc1,3.09,8.0,23.0
Oc1ccccc1-c1ccccc1,3.09,10.3,23.0
Oc1ccccc1-c1ccccc1,3.09,9.39,23.0
Oc1ccccc1-c1ccccc1,3.09,8.75,23.0
Oc1ccccc1-c1ccccc1,3.09,9.21,23.0
Oc1ccccc1-c1ccccc1,3.09,9.1,23.0
Oc1ccccc1-c1ccccc1,3.09,7.02,23.0
Oc1ccccc1-c1ccccc1,3.09,10.71,23.0
Oc1ccccc1-c1ccccc1,3.09,9.51,23.0
Oc1ccccc1-c1ccccc1,3.09,6.06,23.0
Oc1ccccc1-c1ccccc1,3.09,9.92,23.0
Oc1ccccc1-c1ccccc1,3.09,8.37,23.0
Oc1ccccc1-c1ccccc1,3.09,7.58,23.0
Oc1ccccc1-c1ccccc1,3.09,9.73,23.0
NS(=O)(=O)c1cc(C(=O)O)c(NCc2ccco2)cc1Cl,2.56,2.53,25.0
NS(=O)(=O)c1cc(C(=O)O)c(NCc2ccco2)cc1Cl,2.56,3.57,25.0
NS(=O)(=O)c1cc(C(=O)O)c(NCc2ccco2)cc1Cl,2.56,4.0,25.0
NS(=O)(=O)c1cc(C(=O)O)c(NCc2ccco2)cc1Cl,2.56,1.22,25.0
NS(=O)(=O)c1cc(C(=O)O)c(NCc2ccco2)cc1Cl,2.56,4.6,25.0
NS(=O)(=O)c1cc(C(=O)O)c(NCc2ccco2)cc1Cl,2.56,6.08,25.0
NS(=O)(=O)c1cc(C(=O)O)c(NCc2ccco2)cc1Cl,2.56,4.34,25.0
NS(=O)(=O)c1cc(C(=O)O)c(NCc2ccco2)cc1Cl,2.56,6.28,25.0
NS(=O)(=O)c1cc(C(=O)O)c(NCc2ccco2)cc1Cl,2.56,3.0,25.0
NS(=O)(=O)c1cc(C(=O)O)c(NCc2ccco2)cc1Cl,2.56,6.7711,25.0
CC(=O)NCc1c(I)c(NC(C)=O)c(I)c(C(=O)O)c1I,0.5,3.0,20.0
CC(=O)NCc1c(I)c(NC(C)=O)c(I)c(C(=O)O)c1I,0.5,3.8,20.0
CC(=O)NCc1c(I)c(NC(C)=O)c(I)c(C(=O)O)c1I,0.5,1.0,20.0
CC(=O)NCc1c(I)c(NC(C)=O)c(I)c(C(=O)O)c1I,0.5,4.0,20.0
CC(=O)NCc1c(I)c(NC(C)=O)c(I)c(C(=O)O)c1I,0.5,2.0,20.0
CC(=O)NCc1c(I)c(NC(C)=O)c(I)c(C(=O)O)c1I,0.5,3.6,20.0
Cc1nc(=O)c(C#N)c(NCc2cccnc2)[nH]1,0.29,9.45,25.0
Cc1nc(=O)c(C#N)c(NCc2cccnc2)[nH]1,0.29,4.03,25.0
Cc1nc(=O)c(C#N)c(NCc2cccnc2)[nH]1,0.29,5.29,25.0
Cc1nc(=O)c(C#N)c(NCc2cccnc2)[nH]1,0.29,3.76,25.0
Cc1nc(=O)c(C#N)c(NCc2cccnc2)[nH]1,0.29,9.35,25.0
Cc1nc(=O)c(C#N)c(NCc2cccnc2)[nH]1,0.29,8.23,25.0
Cc1nc(=O)c(C#N)c(NCc2cccnc2)[nH]1,0.29,3.29,25.0
Cc1nc(=O)c(C#N)c(NCc2cccnc2)[nH]1,0.29,8.74,25.0
Cc1nc(=O)c(C#N)c(NCc2cccnc2)[nH]1,0.29,3.6,25.0
Cc1nc(=O)c(C#N)c(NCc2cccnc2)[nH]1,0.29,5.75,25.0
Cc1nc(=O)c(C#N)c(NCc2cccnc2)[nH]1,0.29,8.57,25.0
Cc1nc(=O)c(C#N)c(NCc2cccnc2)[nH]1,0.29,4.22,25.0
Cc1nc(=O)c(C#N)c(NCc2cccnc2)[nH]1,0.29,8.59,25.0
Cc1nc(=O)c(C#N)c(NCc2cccnc2)[nH]1,0.29,3.48,25.0
Cc1nc(=O)c(C#N)c(NCc2cccnc2)[nH]1,0.29,8.51,25.0
Cc1nc(=O)c(C#N)c(NCc2cccnc2)[nH]1,0.29,6.03,25.0
Cc1nc(=O)c(C#N)c(NCc2cccnc2)[nH]1,0.29,9.63,25.0
Cc1nc(=O)c(C#N)c(NCc2cccnc2)[nH]1,0.29,7.92,25.0
Cc1nc(=O)c(C#N)c(NCc2cccnc2)[nH]1,0.29,7.0,25.0
Cc1nc(=O)c(C#N)c(NCc2cccnc2)[nH]1,0.29,5.52,25.0
Cc1nc(=O)c(C#N)c(NCc2cccnc2)[nH]1,0.29,10.33,25.0
Cc1nc(=O)c(C#N)c(NCc2cccnc2)[nH]1,0.29,10.2,25.0
Cc1nc(=O)c(C#N)c(NCc2cccnc2)[nH]1,0.29,5.22,25.0
Cc1nc(=O)c(C#N)c(NCc2cccnc2)[nH]1,0.29,4.48,25.0
Cc1nc(=O)c(C#N)c(NCc2cccnc2)[nH]1,0.29,4.74,25.0
Cc1nc(=O)c(C#N)c(NCc2cccnc2)[nH]1,0.29,8.27,25.0
Cc1nc(=O)c(C#N)c(NCc2cccnc2)[nH]1,0.29,9.24,25.0
Cc1nc(=O)c(C#N)c(NCc2cccnc2)[nH]1,0.29,9.62,25.0
Cc1nc(=O)c(C#N)c(NCc2cccnc2)[nH]1,0.29,4.95,25.0
N=c1[nH]c(=N)c2nc(-c3ccccc3)c(=N)[nH]c2[nH]1,0.98,6.18,37.0
N=c1[nH]c(=N)c2nc(-c3ccccc3)c(=N)[nH]c2[nH]1,0.98,6.47,37.0
N=c1[nH]c(=N)c2nc(-c3ccccc3)c(=N)[nH]c2[nH]1,0.98,8.2535,37.0
N=c1[nH]c(=N)c2nc(-c3ccccc3)c(=N)[nH]c2[nH]1,0.98,6.84,37.0
N=c1[nH]c(=N)c2nc(-c3ccccc3)c(=N)[nH]c2[nH]1,0.98,5.27,37.0
N=c1[nH]c(=N)c2nc(-c3ccccc3)c(=N)[nH]c2[nH]1,0.98,5.98,37.0
N=c1[nH]c(=N)c2nc(-c3ccccc3)c(=N)[nH]c2[nH]1,0.98,4.93,37.0
CCC1(c2ccccc2)C(=O)NC(=O)NC1=O,1.47,5.0,25.0
CCC1(c2ccccc2)C(=O)NC(=O)NC1=O,1.47,6.64,25.0
CCC1(c2ccccc2)C(=O)NC(=O)NC1=O,1.47,5.89,25.0
CCC1(c2ccccc2)C(=O)NC(=O)NC1=O,1.47,6.68,25.0
CCC1(c2ccccc2)C(=O)NC(=O)NC1=O,1.47,7.28,25.0
CCC1(c2ccccc2)C(=O)NC(=O)NC1=O,1.47,8.0,25.0
CCC1(c2ccccc2)C(=O)NC(=O)NC1=O,1.47,6.12,25.0
CCC1(c2ccccc2)C(=O)NC(=O)NC1=O,1.47,7.11,25.0
CCC1(c2ccccc2)C(=O)NC(=O)NC1=O,1.47,7.0,25.0
CCC1(c2ccccc2)C(=O)NC(=O)NC1=O,1.47,7.4,25.0
CCn1cc(C(=O)O)c(=O)c2ccc(C)nc21,1.41,3.3,30.0
CCC1(c2ccccc2)C(=O)NC(=O)NC1=O,1.47,6.45,25.0
CCC1(c2ccccc2)C(=O)NC(=O)NC1=O,1.47,4.4,25.0
CCC1(c2ccccc2)C(=O)NC(=O)NC1=O,1.47,7.16,25.0
CCC1(c2ccccc2)C(=O)NC(=O)NC1=O,1.47,7.15,25.0
CCC1(c2ccccc2)C(=O)NC(=O)NC1=O,1.47,7.4,33.0
CCC1(c2ccccc2)C(=O)NC(=O)NC1=O,1.47,7.1,25.0
CCC1(c2ccccc2)C(=O)NC(=O)NC1=O,1.47,4.4,33.0
CCC1(c2ccccc2)C(=O)NC(=O)NC1=O,1.47,7.3,25.0
CCC1(c2ccccc2)C(=O)NC(=O)NC1=O,1.47,7.36,25.0
CCC1(c2ccccc2)C(=O)NC(=O)NC1=O,1.47,6.91,25.0
O=C(Cn1ccnc1[N+](=O)[O-])NCc1ccccc1,0.91,7.4,37.0
CN(c1ccccn1)S(=O)(=O)c1ccc(N)cc1,1.3,6.0,37.0
Cn1cccc/c1=N\S(=O)(=O)c1ccc(N)cc1,1.3,6.0,37.0
COC(=O)c1sccc1S(=O)(=O)NC(=O)N=c1nc(C)[nH]c(OC)n1,0.2,5.0,25.0
COC(=O)c1sccc1S(=O)(=O)NC(=O)N=c1nc(C)[nH]c(OC)n1,0.2,4.0,25.0
COC(=O)c1sccc1S(=O)(=O)NC(=O)N=c1nc(C)[nH]c(OC)n1,0.2,6.0,25.0
COC(=O)c1sccc1S(=O)(=O)NC(=O)N=c1nc(C)[nH]c(OC)n1,0.2,7.0,25.0
O=[N+]([O-])c1cc(C2CCCCC2)c(O)c([N+](=O)[O-])c1,4.12,1.0,25.0
O=[N+]([O-])c1cc(C2CCCCC2)c(O)c([N+](=O)[O-])c1,4.12,6.5,25.0
Cc1cc(C)[nH]c(=NS(=O)(=O)c2ccc(N)cc2)n1,0.28,6.8,37.0
Cc1cc(C)[nH]c(=NS(=O)(=O)c2ccc(N)cc2)n1,0.28,6.5,37.0
Cc1cc(C)[nH]c(=NS(=O)(=O)c2ccc(N)cc2)n1,0.28,7.6,37.0
Cc1cc(C)[nH]c(=NS(=O)(=O)c2ccc(N)cc2)n1,0.28,7.2,37.0
Cc1cc(C)[nH]c(=NS(=O)(=O)c2ccc(N)cc2)n1,0.28,6.4,37.0
Cc1cc(C)[nH]c(=NS(=O)(=O)c2ccc(N)cc2)n1,0.28,7.69,37.0
Cc1cc(C)[nH]c(=NS(=O)(=O)c2ccc(N)cc2)n1,0.28,5.27,37.0
Cc1cc(C)[nH]c(=NS(=O)(=O)c2ccc(N)cc2)n1,0.28,8.0,37.0
Cc1cc(=NS(=O)(=O)c2ccc(N)cc2)[nH]c(C)n1,-0.33,1.17,37.0
Cc1cc(C)[nH]c(=NS(=O)(=O)c2ccc(N)cc2)n1,0.28,7.28,37.0
Cc1cc(C)[nH]c(=NS(=O)(=O)c2ccc(N)cc2)n1,0.28,6.0,37.0
Cc1cc(C)[nH]c(=NS(=O)(=O)c2ccc(N)cc2)n1,0.28,5.41,37.0
Cc1cc(C)[nH]c(=NS(=O)(=O)c2ccc(N)cc2)n1,0.28,7.5,37.0
Cc1cc(C)[nH]c(=NS(=O)(=O)c2ccc(N)cc2)n1,0.28,7.0,37.0
Cc1cc(C)[nH]c(=NS(=O)(=O)c2ccc(N)cc2)n1,0.28,6.28,37.0
Cc1cc(C)[nH]c(=NS(=O)(=O)c2ccc(N)cc2)n1,0.28,5.5,37.0
Cc1cc(C)[nH]c(=NS(=O)(=O)c2ccc(N)cc2)n1,0.28,6.44,37.0
Cc1cc(C)[nH]c(=NS(=O)(=O)c2ccc(N)cc2)n1,0.28,6.95,37.0
CCn1ccc(=NS(=O)(=O)c2ccc(N)cc2)[nH]c1=O,1.12,5.0,25.0
COc1cc(=NS(=O)(=O)c2ccc(N)cc2)[nH]c(OC)n1,1.63,1.17,37.0
COc1[nH]cnc(=NS(=O)(=O)c2ccc(N)cc2)c1OC,0.7,7.0,37.0
COc1[nH]cnc(=NS(=O)(=O)c2ccc(N)cc2)c1OC,0.7,6.0,37.0
COc1[nH]cnc(=NS(=O)(=O)c2ccc(N)cc2)c1OC,0.7,5.0,37.0
COc1[nH]cnc(=NS(=O)(=O)c2ccc(N)cc2)c1OC,0.7,4.0,37.0
CN(CCO)C(=O)COC(=O)c1ccccc1O,0.86,7.4,21.0
CN1C(=O)NC(=O)C(C)(C2=CCCCC2)C1=O,1.98,5.0,25.0
CN1C(=O)NC(=O)C(C)(C2=CCCCC2)C1=O,1.98,3.5,23.0
CCC1(C2=CCCCC2)C(=O)NC(=O)NC1=O,1.77,4.8514,25.0
CCC1(C2=CCCCC2)C(=O)NC(=O)NC1=O,1.77,4.7,20.0
CC(C)Cc1ccc(CC(=O)O)cc1,3.35,7.2,37.0
CC(C)Cc1ccc(CC(=O)O)cc1,3.35,1.3,37.0
CCN(CC)CC(=O)OCn1ncc2c(=O)[nH]cnc21,0.2,8.0,22.0
CCCCNC(=O)NS(=O)(=O)c1ccc(C)cc1,2.34,6.2,37.0
CCCCNC(=O)NS(=O)(=O)c1ccc(C)cc1,2.34,5.25,27.0
CCCCNC(=O)NS(=O)(=O)c1ccc(C)cc1,2.34,6.8,27.0
CCCCNC(=O)NS(=O)(=O)c1ccc(C)cc1,2.34,8.42,27.0
CCCCNC(=O)NS(=O)(=O)c1ccc(C)cc1,2.34,7.0,37.0
CCCCNC(=O)NS(=O)(=O)c1ccc(C)cc1,2.34,5.2,37.5
CCCCNC(=O)NS(=O)(=O)c1ccc(C)cc1,2.34,3.38,27.0
CCCCNC(=O)NS(=O)(=O)c1ccc(C)cc1,2.34,5.85,37.5
CCCCNC(=O)NS(=O)(=O)c1ccc(C)cc1,2.34,7.2,37.0
CCCCNC(=O)NS(=O)(=O)c1ccc(C)cc1,2.34,3.14,37.0
CCCCNC(=O)NS(=O)(=O)c1ccc(C)cc1,2.34,3.6,37.0
CCCCNC(=O)NS(=O)(=O)c1ccc(C)cc1,2.34,7.12,37.5
CCCCNC(=O)NS(=O)(=O)c1ccc(C)cc1,2.34,4.74,27.0
CCCCNC(=O)NS(=O)(=O)c1ccc(C)cc1,2.34,4.43,27.0
CCCCNC(=O)NS(=O)(=O)c1ccc(C)cc1,2.34,5.52,37.0
CCCCNC(=O)NS(=O)(=O)c1ccc(C)cc1,2.34,6.6,27.0
CCCCNC(=O)NS(=O)(=O)c1ccc(C)cc1,2.34,5.69,27.0
CCCCNC(=O)NS(=O)(=O)c1ccc(C)cc1,2.34,4.9,37.0
CCCCNC(=O)NS(=O)(=O)c1ccc(C)cc1,2.34,6.39,37.0
CCCCNC(=O)NS(=O)(=O)c1ccc(C)cc1,2.34,7.08,37.5
CCCCNC(=O)NS(=O)(=O)c1ccc(C)cc1,2.34,6.35,37.5
CCCCNC(=O)NS(=O)(=O)c1ccc(C)cc1,2.34,6.35,27.0
CCCCNC(=O)NS(=O)(=O)c1ccc(C)cc1,2.34,4.27,27.0
CCCCNC(=O)NS(=O)(=O)c1ccc(C)cc1,2.34,8.0,27.0
CCCCNC(=O)NS(=O)(=O)c1ccc(C)cc1,2.34,2.91,37.0
CCCCNC(=O)NS(=O)(=O)c1ccc(C)cc1,2.34,7.1,27.0
CCCCNC(=O)NS(=O)(=O)c1ccc(C)cc1,2.34,2.2,37.0
CCCCNC(=O)NS(=O)(=O)c1ccc(C)cc1,2.34,1.83,27.0
CCCCNC(=O)NS(=O)(=O)c1ccc(C)cc1,2.34,3.91,27.0
CCCCNC(=O)NS(=O)(=O)c1ccc(C)cc1,2.34,6.73,37.0
CCCCNC(=O)NS(=O)(=O)c1ccc(C)cc1,2.34,6.65,37.0
CCCCNC(=O)NS(=O)(=O)c1ccc(C)cc1,2.34,2.78,27.0
CCCCNC(=O)NS(=O)(=O)c1ccc(C)cc1,2.34,5.9,37.0
CCCCNC(=O)NS(=O)(=O)c1ccc(C)cc1,2.34,4.86,37.5
CCCCNC(=O)NS(=O)(=O)c1ccc(C)cc1,2.34,5.23,37.0
CCCCNC(=O)NS(=O)(=O)c1ccc(C)cc1,2.34,1.35,27.0
CCCCNC(=O)NS(=O)(=O)c1ccc(C)cc1,2.34,7.19,27.0
CCCCNC(=O)NS(=O)(=O)c1ccc(C)cc1,2.34,6.73,37.5
CCCCNC(=O)NS(=O)(=O)c1ccc(OC)cc1,2.09,2.71,37.0
CCCCNC(=O)NS(=O)(=O)c1ccc(OC)cc1,2.09,5.45,37.0
CCCCNC(=O)NS(=O)(=O)c1ccc(OC)cc1,2.09,3.25,37.0
CCCCNC(=O)NS(=O)(=O)c1ccc(OC)cc1,2.09,6.08,37.0
CCCCNC(=O)NS(=O)(=O)c1ccc(OC)cc1,2.09,6.74,37.0
CCCCNC(=O)NS(=O)(=O)c1ccc(OC)cc1,2.09,5.01,37.0
CCCCNC(=O)NS(=O)(=O)c1ccc(OC)cc1,2.09,4.4,37.0
CCCCNC(=O)NS(=O)(=O)c1ccc(OC)cc1,2.09,3.18,37.0
CCCCNC(=O)NS(=O)(=O)c1ccc(OC)cc1,2.09,3.93,37.0
CCCCNC(=O)NS(=O)(=O)c1ccc(OC)cc1,2.09,6.31,37.0
CCCCNC(=O)NS(=O)(=O)c1ccc(OC)cc1,2.09,6.93,37.0
CCCCNC(=O)NS(=O)(=O)c1ccc(OC)cc1,2.09,4.52,37.0
CCCCNC(=O)NS(=O)(=O)c1ccc(OC)cc1,2.09,2.12,37.0
CCCCNC(=O)NS(=O)(=O)c1ccc(OC)cc1,2.09,5.75,37.0
CCCCNC(=O)NS(=O)(=O)c1ccc(OC)cc1,2.09,5.09,37.0
CCCCNC(=O)NS(=O)(=O)c1ccc(OC)cc1,2.09,6.25,37.0
CCCCNC(=O)NS(=O)(=O)c1ccc(OC)cc1,2.09,4.68,37.0
CCCCNC(=O)NS(=O)(=O)c1ccc(OC)cc1,2.09,4.81,37.0
CCCCNC(=O)NS(=O)(=O)c1ccc(OC)cc1,2.09,6.52,37.0
CCCCCCCCCCCC(=O)O,4.6,3.0,20.0
CCCCCCCCCCCC(=O)O,4.2,7.0,20.0
CCCCCCCCCCCC(=O)O,4.2,4.0,20.0
CCCCCCCCCCCC(=O)O,4.2,6.0,20.0
CCCCCCCCCCCC(=O)O,4.2,5.0,20.0
O=C(c1ccc(Cl)cc1)c1cc(F)ccc1O,4.04,9.8,37.0
O=C(c1ccc(Cl)cc1)c1cc(F)ccc1O,4.04,1.5,37.0
O=C(c1ccc(Cl)cc1)c1cc(F)ccc1O,4.04,9.4,37.0
O=C(c1ccc(Cl)cc1)c1cc(F)ccc1O,4.04,9.0,37.0
O=C(c1ccc(Cl)cc1)c1cc(F)ccc1O,4.04,2.5,37.0
O=C(c1ccc(Cl)cc1)c1cc(F)ccc1O,4.04,4.1,37.0
O=C(c1ccc(Cl)cc1)c1cc(F)ccc1O,4.04,6.9,37.0
O=C(c1ccc(Cl)cc1)c1cc(F)ccc1O,4.04,8.0,37.0
O=C(Nc1ccc([N+](=O)[O-])cc1Cl)c1cc(Cl)ccc1O,4.19,9.1,20.0
O=C(Nc1ccc([N+](=O)[O-])cc1Cl)c1cc(Cl)ccc1O,1.0,6.4,20.0
O=C(O)c1cc(-c2ccc(F)cc2F)ccc1O,4.44,2.0,25.0
O=C(O)c1cc(-c2ccc(F)cc2F)ccc1O,4.44,7.4,25.0
O=C(O)c1ccc[nH]c1=Nc1cccc(C(F)(F)F)c1,1.59,3.0,22.0
O=C(O)c1ccc[nH]c1=Nc1cccc(C(F)(F)F)c1,1.59,3.65,20.0
O=C(O)c1ccc[nH]c1=Nc1cccc(C(F)(F)F)c1,1.59,4.75,20.0
O=C(O)c1ccc[nH]c1=Nc1cccc(C(F)(F)F)c1,1.59,5.355,20.0
O=C(O)c1ccc[nH]c1=Nc1cccc(C(F)(F)F)c1,1.59,5.0,22.0
O=C(O)c1ccc[nH]c1=Nc1cccc(C(F)(F)F)c1,1.59,6.0,22.0
O=C(O)c1ccc[nH]c1=Nc1cccc(C(F)(F)F)c1,1.59,2.0,22.0
O=C(O)c1ccc[nH]c1=Nc1cccc(C(F)(F)F)c1,1.59,4.0,22.0
O=C(O)c1ccc[nH]c1=Nc1cccc(C(F)(F)F)c1,1.59,5.7,20.0
O=C(O)c1ccc[nH]c1=Nc1cccc(C(F)(F)F)c1,1.59,2.0,25.0
O=C(O)c1ccc[nH]c1=Nc1cccc(C(F)(F)F)c1,1.59,6.2,20.0
O=C(O)c1ccc[nH]c1=Nc1cccc(C(F)(F)F)c1,1.59,2.55,20.0
O=C(O)c1ccc[nH]c1=Nc1cccc(C(F)(F)F)c1,1.59,2.155,20.0
O=C(O)c1ccc[nH]c1=Nc1cccc(C(F)(F)F)c1,1.59,1.2,22.0
O=C(O)c1ccc[nH]c1=Nc1cccc(C(F)(F)F)c1,1.59,1.55,20.0
O=C(O)c1ccc[nH]c1=Nc1cccc(C(F)(F)F)c1,1.59,3.2,20.0
O=C(O)c1ccc[nH]c1=Nc1cccc(C(F)(F)F)c1,1.59,4.3,20.0
O=C(O)c1ccc[nH]c1=Nc1cccc(C(F)(F)F)c1,1.59,1.2,20.0
O=C1CCC(N2C(=O)c3ccccc3C2=O)C(=O)N1,0.33,6.4,25.0
O=C1CCC(N2C(=O)c3ccccc3C2=O)C(=O)N1,0.33,6.4,32.0
FC(F)C(F)(F)OCC(Cn1cncn1)c1ccc(Cl)cc1Cl,3.56,7.0,20.0
CCn1cc(C(=O)O)c(=O)c2cc3c(cc21)OCO3,0.94,5.93,25.0
CCOC(=O)n1c(-c2cscn2)nc2ccccc21,2.51,6.0,21.0
COc1cc(OC)[nH]c(=NC(=O)NS(=O)(=O)c2ncccc2C(F)(F)F)n1,-0.06,7.0,20.0
CS(=O)(=O)Nc1ccc([N+](=O)[O-])cc1Oc1ccccc1,2.6,10.17,25.0
CS(=O)(=O)Nc1ccc([N+](=O)[O-])cc1Oc1ccccc1,2.6,7.2,25.0
CS(=O)(=O)Nc1ccc([N+](=O)[O-])cc1Oc1ccccc1,2.6,8.84,25.0
CS(=O)(=O)Nc1ccc([N+](=O)[O-])cc1Oc1ccccc1,2.6,9.42,25.0
CS(=O)(=O)Nc1ccc([N+](=O)[O-])cc1Oc1ccccc1,2.6,7.9,25.0
CS(=O)(=O)Nc1ccc([N+](=O)[O-])cc1Oc1ccccc1,2.6,9.52,25.0
CC(Oc1ccc(Cl)cc1Cl)C(=O)O,1.77,7.0,20.0
CCN=c1[nH]c(OC)nc(=NC(C)C)[nH]1,2.69,3.0,26.0
N=c1[nH]c(=O)c2ncn(COC(CO)CO)c2[nH]1,-1.66,8.0,23.0
N=c1[nH]c(=O)c2ncn(COC(CO)CO)c2[nH]1,-1.66,7.0,25.0
NC(Cc1ccc(O)c(O)c1)C(=O)O,-2.74,7.4,20.0
O=c1[nH]c(=O)n(C2CC(O)C(CO)O2)cc1I,-0.96,7.4,25.0
COc1ccc(CCN(C)CCCC(C#N)(c2ccc(OC)c(OC)c2)C(C)C)cc1OC,3.79,7.0,37.0
COc1ccc(CCN(C)CCCC(C#N)(c2ccc(OC)c(OC)c2)C(C)C)cc1OC,3.79,6.0,37.0
COc1ccc(CCN(C)CCCC(C#N)(c2ccc(OC)c(OC)c2)C(C)C)cc1OC,3.79,5.0,37.0
CC1OC(OC2C(O)CC(OC3C(O)CC(OC4CCC5(C)C(CCC6C5CCC5(C)C(c7coc(O)c7)CCC65O)C4)OC3C)OC2C)CC(O)C1O,1.85,7.4,20.0
CC(C)Cc1ccc(C(C)C(=O)O)cc1,4.13,7.0,22.0
CC(C)Cc1ccc(C(C)C(=O)O)cc1,4.13,7.5,22.0
COc1ccc2c(c1)c(CC(=O)O)c(C)n2C(=O)c1ccc(Cl)cc1,4.27,7.5,22.0
CC(C(=O)O)c1cccc(C(=O)c2ccccc2)c1,3.16,7.0,22.0
CC(C(=O)O)c1cccc(C(=O)c2ccccc2)c1,3.16,7.5,22.0
COc1ccc2cc(C(C)C(=O)O)ccc2c1,3.24,7.5,22.0
O=C(O)c1ccc[nH]c1=Nc1cccc(C(F)(F)F)c1,1.59,7.0,22.0
O=C(O)c1ccc[nH]c1=Nc1cccc(C(F)(F)F)c1,1.59,7.5,22.0
CCCCc1c(O)n(-c2ccc(O)cc2)n(-c2ccccc2)c1=O,2.72,7.0,22.0
CCCCc1c(O)n(-c2ccc(O)cc2)n(-c2ccccc2)c1=O,2.72,7.5,22.0
CCCCc1c(O)n(-c2ccccc2)n(-c2ccccc2)c1=O,3.16,7.0,22.0
CCCCc1c(O)n(-c2ccccc2)n(-c2ccccc2)c1=O,3.16,7.5,22.0
O=C(O)c1ccccc1Nc1cccc(C(F)(F)F)c1,5.25,7.5,22.0
CCC1(c2ccccc2)C(=O)NC(=O)N(C)C1=O,1.84,5.0,25.0
CCC1(c2ccccc2)C(=O)NC(=O)N(C)C1=O,1.84,5.0,37.0
CCC1(c2ccccc2)C(=O)NC(=O)N(C)C1=O,1.84,5.0,20.0
COc1ccc(=NS(=O)(=O)c2ccc(NC(C)=O)cc2)[nH]n1,0.37,4.5,37.0
COc1ccc(=NS(=O)(=O)c2ccc(NC(C)=O)cc2)[nH]n1,0.37,5.4,37.0
COc1ccc(=NS(=O)(=O)c2ccc(NC(C)=O)cc2)[nH]n1,0.37,4.8,37.0
COc1ccc(=NS(=O)(=O)c2ccc(NC(C)=O)cc2)[nH]n1,0.37,5.9,37.0
COc1ccc(=NS(=O)(=O)c2ccc(NC(C)=O)cc2)[nH]n1,0.37,6.2,37.0
COc1ccc(=NS(=O)(=O)c2ccc(NC(C)=O)cc2)[nH]n1,0.37,7.0,37.0
CCCC(Cn1cncn1)c1ccc(Cl)cc1Cl,3.72,5.7,25.0
CCCC(Cn1cncn1)c1ccc(Cl)cc1Cl,3.72,5.7,20.0
CC(C)C1(C)N=C(c2ncccc2C(=O)O)NC1=O,0.11,2.8052,25.0
CCN(CC)C(=O)COC(=O)c1ccccc1O,1.99,7.4,21.0
O=C(NN1CCCCCC1)NS(=O)(=O)c1ccc(Cl)cc1,1.64,7.2,37.0
NC(Cc1ccc(N(CCCl)CCCl)cc1)C(=O)O,-0.52,7.06,30.0
Cc1ccc(S(=O)(=O)NC(=O)NC2CCCC2)cc1,2.49,6.49,37.0
Cc1ccc(S(=O)(=O)NC(=O)NC2CCCC2)cc1,2.49,5.62,37.0
Cc1ccc(S(=O)(=O)NC(=O)NC2CCCC2)cc1,2.49,6.74,37.0
Cc1ccc(S(=O)(=O)NC(=O)NC2CCCC2)cc1,2.49,6.59,37.0
Cc1ccc(S(=O)(=O)NC(=O)NC2CCCC2)cc1,2.49,5.78,37.0
Cc1ccc(S(=O)(=O)NC(=O)NC2CCCC2)cc1,2.49,6.22,37.0
Cc1ccc(S(=O)(=O)NC(=O)NC2CCCC2)cc1,2.49,3.35,37.0
Cc1ccc(S(=O)(=O)NC(=O)NC2CCCC2)cc1,2.49,6.32,37.0
Cc1ccc(S(=O)(=O)NC(=O)NC2CCCC2)cc1,2.49,6.1,37.0
Cc1ccc(S(=O)(=O)NC(=O)NC2CCCC2)cc1,2.49,4.37,37.0
Cc1ccc(S(=O)(=O)NC(=O)NC2CCCC2)cc1,2.49,3.61,37.0
Cc1ccc(S(=O)(=O)NC(=O)NC2CCCC2)cc1,2.49,4.72,37.0
Cc1ccc(S(=O)(=O)NC(=O)NC2CCCC2)cc1,2.49,5.26,37.0
Cc1ccc(S(=O)(=O)NC(=O)NC2CCCC2)cc1,2.49,5.16,37.0
Cc1ccc(S(=O)(=O)NC(=O)NC2CCCC2)cc1,2.49,6.35,37.0
Cc1ccc(S(=O)(=O)NC(=O)NC2CCCC2)cc1,2.49,6.41,37.0
Cc1ccc(S(=O)(=O)NC(=O)NC2CCCC2)cc1,2.49,3.94,37.0
Cc1ccc(S(=O)(=O)NC(=O)NC2CCCC2)cc1,2.49,5.54,37.0
CC(C)Cc1ccc(C(C)C(=O)O)cc1,4.13,5.5,32.0
CC(C)Cc1ccc(C(C)C(=O)O)cc1,4.13,2.0,25.0
CC(C)Cc1ccc(C(C)C(=O)O)cc1,4.13,1.2,22.0
CC(C)Cc1ccc(C(C)C(=O)O)cc1,4.13,5.0,22.0
CC(C)Cc1ccc(C(C)C(=O)O)cc1,4.13,7.4,22.0
CC(C)Cc1ccc(C(C)C(=O)O)cc1,4.13,6.5,22.0
CC(C)Cc1ccc(C(C)C(=O)O)cc1,4.13,6.0,22.0
CC(C)Cc1ccc(C(C)C(=O)O)cc1,4.13,2.0,22.0
CC(C)Cc1ccc(C(C)C(=O)O)cc1,4.13,3.0,22.0
CC(C)Cc1ccc(C(C)C(=O)O)cc1,4.13,4.0,22.0
CC(C)Cc1ccc(C(C)C(=O)O)cc1,4.13,4.0,32.0
CC(C)Cc1ccc(C(C)C(=O)O)cc1,4.13,4.0,25.0
CC(C)Cc1ccc(C(C)C(=O)O)cc1,4.13,3.0,25.0
CC(C)Cc1ccc(C(C)C(=O)O)cc1,4.13,6.82,25.0
CC(C)Cc1ccc(C(C)C(=O)O)cc1,4.13,7.5,25.0
CC(C)Cc1ccc(C(C)C(=O)O)cc1,4.13,5.14,25.0
CC(C)Cc1ccc(C(C)C(=O)O)cc1,4.13,7.4,25.0
CCCCCCOC(=O)c1ccc(N)cc1,3.95,7.4,24.0
CCCCOC(=O)C(N)Cc1ccc(O)c(O)c1,0.86,7.4,20.0
CCCCCCCCNC(=O)n1cc(F)c(=O)[nH]c1=O,3.9,4.0,37.0
CCN(CC)CCOC(=O)c1ccc(N)cc1,1.92,7.8,25.0
CCN(CC)CCOC(=O)c1ccc(N)cc1,1.92,9.1,22.0
CCN(CC)CCOC(=O)c1ccc(N)cc1,1.92,8.02,25.0
CCN(CC)CCOC(=O)c1ccc(N)cc1,1.92,10.3,25.0
CCN(CC)CCOC(=O)c1ccc(N)cc1,1.92,9.1,25.0
CCN(CC)CCOC(=O)c1ccc(N)cc1,1.92,9.33,25.0
CCN(CC)CCOC(=O)c1ccc(N)cc1,1.92,7.4,22.0
CCN(CC)CCOC(=O)c1ccc(N)cc1,1.92,8.19,25.0
CCN(CC)CCOC(=O)c1ccc(N)cc1,1.92,7.9,25.0
CCN(CC)CCOC(=O)c1ccc(N)cc1,1.92,8.33,25.0
CCN(CC)CCOC(=O)c1ccc(N)cc1,1.92,7.4,37.0
CCN(CC)CCNC(=O)c1ccc(N)cc1,0.88,13.0,22.0
CCN(CC)CCNC(=O)c1ccc(N)cc1,0.88,7.4,22.0
CCCCCCCC1(CC)C(=O)NC(=O)NC1=O,2.91,5.0,25.0
Fc1cccc(F)c1-c1nnc(-c2ccccc2Cl)nn1,3.3,7.0,25.0
Clc1ccccc1-c1nnc(-c2ccccc2Cl)nn1,4.1,5.0,22.0
O=C(O)Cc1ccccc1Oc1ccc(Cl)cc1Cl,4.8,5.0,25.0
O=C(O)Cc1ccccc1Oc1ccc(Cl)cc1Cl,4.8,3.0,25.0
O=C(O)Cc1ccccc1Oc1ccc(Cl)cc1Cl,4.8,4.0,25.0
O=C(O)Cc1ccccc1Oc1ccc(Cl)cc1Cl,4.8,2.0,25.0
O=C(O)c1ccccc1Nc1cccc(C(F)(F)F)c1,5.25,5.0,22.0
O=C(O)c1ccccc1Nc1cccc(C(F)(F)F)c1,5.25,7.0,22.0
O=C(O)c1ccccc1Nc1cccc(C(F)(F)F)c1,5.25,6.0,22.0
O=C(O)Cc1ccccc1Nc1c(Cl)cccc1Cl,4.4,7.4,22.0
O=C(O)Cc1ccccc1Nc1c(Cl)cccc1Cl,4.4,5.0,22.0
O=C(O)Cc1ccccc1Nc1c(Cl)cccc1Cl,4.4,3.0,37.0
O=C(O)Cc1ccccc1Nc1c(Cl)cccc1Cl,4.4,2.0,30.0
O=C(O)Cc1ccccc1Nc1c(Cl)cccc1Cl,4.4,4.0,25.0
O=C(O)Cc1ccccc1Nc1c(Cl)cccc1Cl,4.4,7.4,37.0
O=C(O)Cc1ccccc1Nc1c(Cl)cccc1Cl,4.4,6.5,25.0
O=C(O)Cc1ccccc1Nc1c(Cl)cccc1Cl,4.4,1.2,25.0
O=C(O)Cc1ccccc1Nc1c(Cl)cccc1Cl,4.4,2.0,25.0
CN1C(=O)CCC(N2C(=O)c3ccccc3C2=O)C1=O,1.15,6.4,32.0
CC(C(=O)O)c1ccc(C(=O)c2cccs2)cc1,3.4,4.0,25.0
CC(C(=O)O)c1ccc(C(=O)c2cccs2)cc1,3.4,2.0,25.0
CC(C(=O)O)c1ccc(C(=O)c2cccs2)cc1,3.4,6.5,25.0
CCCOC(=O)n1c(-c2cscn2)nc2ccccc21,2.98,6.0,21.0
COc1ccc2cc(C(C)C(=O)O)ccc2c1,3.24,6.5,25.0
COc1ccc2cc(C(C)C(=O)O)ccc2c1,3.24,2.0,25.0
COc1ccc2cc(C(C)C(=O)O)ccc2c1,3.24,4.0,25.0
COc1ccc2cc(C(C)C(=O)O)ccc2c1,3.24,2.0,22.0
COc1ccc2cc(C(C)C(=O)O)ccc2c1,3.24,6.0,22.0
COc1ccc2cc(C(C)C(=O)O)ccc2c1,3.24,1.2,22.0
COc1ccc2cc(C(C)C(=O)O)ccc2c1,3.24,5.0,22.0
COc1ccc2cc(C(C)C(=O)O)ccc2c1,3.24,4.0,22.0
COc1ccc2cc(C(C)C(=O)O)ccc2c1,3.24,3.0,22.0
COc1ccc2cc(C(C)C(=O)O)ccc2c1,3.24,7.98,25.0
COc1ccc2cc(C(C)C(=O)O)ccc2c1,3.24,6.79,25.0
COc1ccc2cc(C(C)C(=O)O)ccc2c1,3.24,7.0,22.0
COc1ccc2cc(C(C)C(=O)O)ccc2c1,3.24,5.0,25.0
COc1ccc2cc(C(C)C(=O)O)ccc2c1,3.24,2.45,25.0
COc1ccc2cc(C(C)C(=O)O)ccc2c1,3.24,5.24,25.0
COc1ccc2cc(C(C)C(=O)O)ccc2c1,3.24,4.38,25.0
COc1ccc2cc(C(C)C(=O)O)ccc2c1,3.24,3.97,25.0
COc1ccc2cc(C(C)C(=O)O)ccc2c1,3.24,4.5,25.0
COc1ccc2cc(C(C)C(=O)O)ccc2c1,3.24,2.92,25.0
COc1ccc2cc(C(C)C(=O)O)ccc2c1,3.24,3.5,25.0
COc1ccc2cc(C(C)C(=O)O)ccc2c1,3.24,3.13,25.0
COc1ccc2cc(C(C)C(=O)O)ccc2c1,3.24,1.12,25.0
COc1ccc2cc(C(C)C(=O)O)ccc2c1,3.34,7.4,22.0
COc1ccc2cc(C(C)C(=O)O)ccc2c1,3.24,1.1,25.0
COc1ccc2cc(C(C)C(=O)O)ccc2c1,3.24,6.5,22.0
COc1ccc2cc(C(C)C(=O)O)ccc2c1,3.24,5.21,25.0
COc1ccc2cc(C(C)C(=O)O)ccc2c1,3.24,5.84,25.0
COc1ccc2cc(C(C)C(=O)O)ccc2c1,3.24,4.23,25.0
O=C(OCC(=O)N1CCCC1C(=O)O)c1ccccc1,1.02,2.0,22.0
CCN(CC)C(=O)C(C#N)=Cc1cc(O)c(O)c([N+](=O)[O-])c1,2.25,1.2,22.0
CCN(CC)C(=O)C(C#N)=Cc1cc(O)c(O)c([N+](=O)[O-])c1,2.25,5.0,22.0
CCN(CC)C(=O)C(C#N)=Cc1cc(O)c(O)c([N+](=O)[O-])c1,2.25,7.4,22.0
COC(=O)c1ccccc1S(=O)(=O)NC(=O)N=c1nc(C)[nH]c(OC)n1,-1.74,6.11,25.0
COC(=O)c1ccccc1S(=O)(=O)NC(=O)N=c1nc(C)[nH]c(OC)n1,-1.74,4.59,25.0
COC(=O)c1ccccc1S(=O)(=O)NC(=O)N=c1nc(C)[nH]c(OC)n1,-1.74,5.42,25.0
COc1nc(=NC(=O)NS(=O)(=O)c2ccccc2OCCCl)nc(C)[nH]1,-0.59,7.0,25.0
COc1nc(=NC(=O)NS(=O)(=O)c2ccccc2OCCCl)nc(C)[nH]1,-1.8,8.4,20.0
COc1nc(=NC(=O)NS(=O)(=O)c2ccccc2OCCCl)nc(C)[nH]1,1.1,7.0,20.0
COc1nc(=NC(=O)NS(=O)(=O)c2ccccc2OCCCl)nc(C)[nH]1,1.1,5.0,25.0
COc1cc(Cc2c[nH]c(=N)[nH]c2=N)cc(OC)c1OC,0.91,6.07,32.0
COc1cc(Cc2c[nH]c(=N)[nH]c2=N)cc(OC)c1OC,0.91,9.13,32.0
COc1cc(Cc2c[nH]c(=N)[nH]c2=N)cc(OC)c1OC,0.91,6.12,32.0
COc1cc(Cc2c[nH]c(=N)[nH]c2=N)cc(OC)c1OC,0.91,6.84,32.0
COc1cc(Cc2c[nH]c(=N)[nH]c2=N)cc(OC)c1OC,0.91,8.61,32.0
COc1cc(Cc2c[nH]c(=N)[nH]c2=N)cc(OC)c1OC,0.91,6.31,32.0
COc1cc(Cc2c[nH]c(=N)[nH]c2=N)cc(OC)c1OC,0.91,5.79,32.0
CCCCNC(=O)n1c(=NC(=O)OC)[nH]c2ccccc21,2.12,7.0,20.0
CC(C)NCC(O)COc1cccc2[nH]ccc12,1.75,10.0,37.0
CC(C)NCC(O)COc1cccc2[nH]ccc12,1.75,7.0,37.0
CC(C)NCC(O)COc1cccc2[nH]ccc12,1.75,9.0,37.0
CC(C)NCC(O)COc1cccc2[nH]ccc12,1.75,8.0,37.0
Cc1ccc(S(=O)(=O)NC(=O)NC2CCCCC2)cc1,2.9,3.35,37.0
Cc1ccc(S(=O)(=O)NC(=O)NC2CCCCC2)cc1,2.9,6.49,37.0
Cc1ccc(S(=O)(=O)NC(=O)NC2CCCCC2)cc1,2.9,6.38,37.0
Cc1ccc(S(=O)(=O)NC(=O)NC2CCCCC2)cc1,2.9,6.59,37.0
Cc1ccc(S(=O)(=O)NC(=O)NC2CCCCC2)cc1,2.9,5.97,37.0
Cc1ccc(S(=O)(=O)NC(=O)NC2CCCCC2)cc1,2.9,3.91,37.0
Cc1ccc(S(=O)(=O)NC(=O)NC2CCCCC2)cc1,2.9,5.41,37.0
Cc1ccc(S(=O)(=O)NC(=O)NC2CCCCC2)cc1,2.9,5.02,37.0
Cc1ccc(S(=O)(=O)NC(=O)NC2CCCCC2)cc1,2.9,6.69,37.0
Cc1ccc(S(=O)(=O)NC(=O)NC2CCCCC2)cc1,2.9,4.0,37.0
Cc1ccc(S(=O)(=O)NC(=O)NC2CCCCC2)cc1,2.9,3.3,37.0
Cc1ccc(S(=O)(=O)NC(=O)NC2CCCCC2)cc1,2.9,4.61,37.0
Cc1ccc(S(=O)(=O)NC(=O)NC2CCCCC2)cc1,2.9,5.51,37.0
Cc1ccc(S(=O)(=O)NC(=O)NC2CCCCC2)cc1,2.9,6.88,37.0
Cc1ccc(S(=O)(=O)NC(=O)NN2CCCCCC2)cc1,1.45,7.2,37.0
CCCCCCCCCNC(=O)n1cc(F)c(=O)[nH]c1=O,3.71,4.0,37.0
CC(C)NCC(O)COc1ccc(CC(N)=O)cc1,0.22,8.52,25.0
CC(C)NCC(O)COc1ccc(CC(N)=O)cc1,0.16,8.97,25.0
CC(C)NCC(O)COc1ccc(CC(N)=O)cc1,0.22,9.33,25.0
CC(C)NCC(O)COc1ccc(CC(N)=O)cc1,0.22,8.62,25.0
CC(C)NCC(O)COc1ccc(CC(N)=O)cc1,0.22,10.83,25.0
CC(C)NCC(O)COc1ccc(CC(N)=O)cc1,0.22,11.44,25.0
CC(C)NCC(O)COc1ccc(CC(N)=O)cc1,0.22,9.6,25.0
CC(C)NCC(O)COc1ccc(CC(N)=O)cc1,0.22,10.09,25.0
CC(C)NCC(O)COc1ccc(CC(N)=O)cc1,0.22,10.48,25.0
CCOC(=O)C(C)(C(=O)NC(=O)NC)C1=CCCCC1,2.25,3.5,23.0
CCCCCCCCCCCCCC(=O)O,6.11,3.0,25.0
N#CC(C#N)=NNc1ccc(N=Nc2ccccc2)cc1,4.25,7.2,25.0
O=C1NC(=O)C(c2ccccc2)(c2ccccc2)N1,1.98,7.0,37.0
O=C1NC(=O)C(c2ccccc2)(c2ccccc2)N1,1.98,9.46,37.0
O=C1NC(=O)C(c2ccccc2)(c2ccccc2)N1,1.98,8.64,37.0
O=C1NC(=O)C(c2ccccc2)(c2ccccc2)N1,2.24,5.0,25.0
O=C1NC(=O)C(c2ccccc2)(c2ccccc2)N1,2.24,9.0,25.0
O=C1NC(=O)C(c2ccccc2)(c2ccccc2)N1,1.98,9.3,37.0
O=C1NC(=O)C(c2ccccc2)(c2ccccc2)N1,1.98,9.07,37.0
O=C1NC(=O)C(c2ccccc2)(c2ccccc2)N1,2.24,10.0,25.0
O=C1NC(=O)C(c2ccccc2)(c2ccccc2)N1,2.24,10.83,25.0
O=C1NC(=O)C(c2ccccc2)(c2ccccc2)N1,2.24,2.5,25.0
O=C1NC(=O)C(c2ccccc2)(c2ccccc2)N1,2.24,7.89,25.0
O=C1NC(=O)C(c2ccccc2)(c2ccccc2)N1,2.24,6.32,25.0
O=C1NC(=O)C(c2ccccc2)(c2ccccc2)N1,2.24,3.82,25.0
O=C1NC(=O)C(c2ccccc2)(c2ccccc2)N1,2.24,4.6,25.0
O=C1NC(=O)C(c2ccccc2)(c2ccccc2)N1,2.24,5.88,25.0
O=C1NC(=O)C(c2ccccc2)(c2ccccc2)N1,2.24,2.94,25.0
O=C1NC(=O)C(c2ccccc2)(c2ccccc2)N1,2.24,1.19,25.0
O=C1NC(=O)C(c2ccccc2)(c2ccccc2)N1,2.24,7.28,25.0
O=C1NC(=O)C(c2ccccc2)(c2ccc(O)cc2)N1,1.72,5.89,37.0
O=C1NC(=O)C(c2ccccc2)(c2ccc(O)cc2)N1,1.72,7.0,37.0
Cc1noc(C)c1N=C1CC(=O)C(=O)c2ccccc21,1.04,3.45,25.0
Cc1noc(C)c1N=C1CC(=O)C(=O)c2ccccc21,1.04,7.64,25.0
Cc1noc(C)c1N=C1CC(=O)C(=O)c2ccccc21,1.04,9.45,25.0
Cc1noc(C)c1N=C1CC(=O)C(=O)c2ccccc21,1.04,10.38,25.0
Cc1noc(C)c1N=C1CC(=O)C(=O)c2ccccc21,1.04,6.65,25.0
Cc1noc(C)c1N=C1CC(=O)C(=O)c2ccccc21,1.04,9.89,25.0
CC(C(=O)O)c1ccc(-c2ccccc2)c(F)c1,3.99,6.47,25.0
CC(C(=O)O)c1ccc(-c2ccccc2)c(F)c1,3.34,7.0,32.0
CC(C(=O)O)c1ccc(-c2ccccc2)c(F)c1,3.99,6.55,25.0
CC(C(=O)O)c1ccc(-c2ccccc2)c(F)c1,3.99,3.0,25.0
CC(C(=O)O)c1ccc(-c2ccccc2)c(F)c1,3.99,3.5,25.0
CC(C(=O)O)c1ccc(-c2ccccc2)c(F)c1,3.99,5.58,25.0
CC(C(=O)O)c1ccc(-c2ccccc2)c(F)c1,3.99,3.62,25.0
CC(C(=O)O)c1ccc(-c2ccccc2)c(F)c1,3.99,5.94,25.0
CC(C(=O)O)c1ccc(-c2ccccc2)c(F)c1,3.34,4.0,32.0
CC(C(=O)O)c1ccc(-c2ccccc2)c(F)c1,3.99,3.67,25.0
CC(C(=O)O)c1ccc(-c2ccccc2)c(F)c1,3.99,4.03,25.0
CC(C(=O)O)c1ccc(-c2ccccc2)c(F)c1,3.99,5.9,25.0
CC(C(=O)O)c1ccc(-c2ccccc2)c(F)c1,3.34,5.5,32.0
CC(C(=O)O)c1ccc(-c2ccccc2)c(F)c1,3.99,5.4,25.0
CC(C(=O)O)c1ccc(-c2ccccc2)c(F)c1,3.99,2.92,25.0
CC(C(=O)O)c1ccc(-c2ccccc2)c(F)c1,3.99,4.84,25.0
CC(C(=O)O)c1ccc(-c2ccccc2)c(F)c1,3.99,5.03,25.0
CC(C(=O)O)c1ccc(-c2ccccc2)c(F)c1,3.99,4.54,25.0
CC(C(=O)O)c1ccc(-c2ccccc2)c(F)c1,3.99,7.4,22.0
CC(C(=O)O)c1ccc(-c2ccccc2)c(F)c1,3.99,1.15,25.0
CC(C(=O)O)c1ccc(-c2ccccc2)c(F)c1,3.99,2.0,25.0
CC(C(=O)O)c1ccc(-c2ccccc2)c(F)c1,3.99,1.2,25.0
CC(C(=O)O)c1ccc(-c2ccccc2)c(F)c1,4.16,2.0,25.0
CC(C(=O)O)c1ccc(-c2ccccc2)c(F)c1,3.99,5.0,22.0
CC(C(=O)O)c1ccc(-c2ccccc2)c(F)c1,3.99,2.17,25.0
CC(C(=O)O)c1ccc(-c2ccccc2)c(F)c1,3.99,4.0,22.0
CC(C(=O)O)c1ccc(-c2ccccc2)c(F)c1,3.99,2.0,22.0
CC(C(=O)O)c1ccc(-c2ccccc2)c(F)c1,3.99,6.0,22.0
CC(C(=O)O)c1ccc(-c2ccccc2)c(F)c1,3.99,2.5,25.0
CC(C(=O)O)c1ccc(-c2ccccc2)c(F)c1,3.99,2.46,25.0
CC(C(=O)O)c1ccc(-c2ccccc2)c(F)c1,3.99,3.0,22.0
CC(C(=O)O)c1ccc(-c2ccccc2)c(F)c1,3.99,2.52,25.0
CC(C(=O)O)c1ccc(-c2ccccc2)c(F)c1,3.99,5.41,25.0
CC(C(=O)O)c1ccc(-c2ccccc2)c(F)c1,3.99,2.14,25.0
CC(C(=O)O)c1ccc(-c2ccccc2)c(F)c1,3.99,1.2,22.0
CC(C(=O)O)c1ccc(-c2ccccc2)c(F)c1,3.99,2.91,25.0
CN1C(C(=O)N=c2cccc[nH]2)C(=O)c2ccccc2S1(=O)=O,0.255,6.5,25.0
CN1C(C(=O)N=c2cccc[nH]2)C(=O)c2ccccc2S1(=O)=O,3.06,5.0,37.0
Nc1ccc(S(=O)(=O)N=c2cc[nH]n2-c2ccccc2)cc1,1.52,1.17,37.0
CCOC(=O)c1ccccc1S(=O)(=O)NC(=O)N=c1nc(Cl)cc(OC)[nH]1,0.36,6.5,25.0
CCOC(=O)c1ccccc1S(=O)(=O)NC(=O)N=c1nc(Cl)cc(OC)[nH]1,0.36,7.0,25.0
CCOC(=O)c1ccccc1S(=O)(=O)NC(=O)N=c1nc(Cl)cc(OC)[nH]1,0.36,5.0,25.0
CC(C)C(O)(c1ccc(OC(F)(F)F)cc1)c1cncnc1,3.34,9.0,25.0
Cc1cccc(Nc2ccccc2C(=O)O)c1C,5.12,7.4,22.0
Cc1cccc(Nc2ccccc2C(=O)O)c1C,5.12,1.2,22.0
Cc1cccc(Nc2ccccc2C(=O)O)c1C,5.12,5.0,22.0
Cc1ccc(C(=O)c2ccc(CC(=O)O)n2C)cc1,2.79,3.0,22.0
Cc1ccc(C(=O)c2ccc(CC(=O)O)n2C)cc1,2.79,6.0,22.0
Cc1ccc(C(=O)c2ccc(CC(=O)O)n2C)cc1,2.79,5.0,22.0
Cc1ccc(C(=O)c2ccc(CC(=O)O)n2C)cc1,2.79,4.0,22.0
Cc1ccc(C(=O)c2ccc(CC(=O)O)n2C)cc1,2.79,2.0,22.0
Cc1ccc(C(=O)c2ccc(CC(=O)O)n2C)cc1,2.79,1.2,22.0
Cc1ccc(S(=O)(=O)N(C)C(=O)c2ccccc2)cc1,2.95,7.4,22.0
CC(C)COC(=O)n1c(-c2cscn2)nc2ccccc21,3.46,6.0,21.0
CC(=O)c1ccc(S(=O)(=O)NC(=O)NC2CCCCC2)cc1,2.44,1.3,37.0
CC(=O)c1ccc(S(=O)(=O)NC(=O)NC2CCCCC2)cc1,2.44,7.2,37.0
CC(=O)c1ccc(S(=O)(=O)NC(=O)NC2CCCCC2)cc1,2.44,1.5,37.0
CC(=O)c1ccc(S(=O)(=O)NC(=O)NC2CCCCC2)cc1,2.44,6.5,37.0
CC(=O)c1ccc(S(=O)(=O)NC(=O)NC2CCCCC2)cc1,2.44,6.79,37.0
CC(=O)c1ccc(S(=O)(=O)NC(=O)NC2CCCCC2)cc1,2.44,7.03,37.0
CCOC(=O)C1(c2ccccc2)CCN(C)CC1,2.72,7.4,25.0
Cc1ccc(C)c(OCCCC(C)(C)C(=O)O)c1,2.8,5.87,37.0
Cc1ccc(C)c(OCCCC(C)(C)C(=O)O)c1,2.8,6.35,37.0
Cc1ccc(C)c(OCCCC(C)(C)C(=O)O)c1,2.8,5.51,37.0
Cc1ccc(C)c(OCCCC(C)(C)C(=O)O)c1,2.8,3.79,37.0
Cc1ccc(C)c(OCCCC(C)(C)C(=O)O)c1,2.8,4.69,37.0
Cc1ccc(C)c(OCCCC(C)(C)C(=O)O)c1,2.8,1.1,37.0
Cc1ccc(C)c(OCCCC(C)(C)C(=O)O)c1,2.8,3.13,37.0
Cc1ccc(C)c(OCCCC(C)(C)C(=O)O)c1,2.8,7.0,37.0
CC(C)N(Cc1ccccc1)C(=O)C(C)(C)C,3.0,7.0,20.0
CN1C(=O)CN=C(c2ccccc2)c2cc(Cl)ccc21,2.86,7.4,25.0
CN1C(=O)CN=C(c2ccccc2)c2cc(Cl)ccc21,2.86,6.5,25.0
CN1C(=O)CN=C(c2ccccc2)c2cc(Cl)ccc21,2.92,5.5,37.0
CN1C(=O)CN=C(c2ccccc2)c2cc(Cl)ccc21,2.92,7.5,37.0
CN1C(=O)C(O)N=C(c2ccccc2)c2cc(Cl)ccc21,2.19,5.5,37.0
COC(=O)N=c1[nH]c2ccc(C(=O)c3ccccc3)cc2[nH]1,3.14,1.2,37.0
COC(=O)N=c1[nH]c2ccc(C(=O)c3ccccc3)cc2[nH]1,3.14,7.4,37.0
CCc1onc(C)c1N=C1CC(=O)C(=O)c2ccccc21,1.57,9.16,25.0
CCc1onc(C)c1N=C1CC(=O)C(=O)c2ccccc21,1.57,8.81,25.0
CCc1onc(C)c1N=C1CC(=O)C(=O)c2ccccc21,1.57,7.62,25.0
CCc1onc(C)c1N=C1CC(=O)C(=O)c2ccccc21,1.57,7.01,25.0
CCc1onc(C)c1N=C1CC(=O)C(=O)c2ccccc21,1.57,6.44,25.0
CCc1onc(C)c1N=C1CC(=O)C(=O)c2ccccc21,1.57,3.72,25.0
CC(C(=O)O)c1cccc(C(=O)c2ccccc2)c1,3.16,1.2,22.0
CC(C(=O)O)c1cccc(C(=O)c2ccccc2)c1,3.16,2.0,22.0
CC(C(=O)O)c1cccc(C(=O)c2ccccc2)c1,3.16,5.95,25.0
CC(C(=O)O)c1cccc(C(=O)c2ccccc2)c1,3.16,6.0,22.0
CC(C(=O)O)c1cccc(C(=O)c2ccccc2)c1,3.16,5.0,22.0
CC(C(=O)O)c1cccc(C(=O)c2ccccc2)c1,3.16,3.0,22.0
CC(C(=O)O)c1cccc(C(=O)c2ccccc2)c1,2.9,6.5,25.0
CC(C(=O)O)c1cccc(C(=O)c2ccccc2)c1,2.9,4.0,25.0
CC(C(=O)O)c1cccc(C(=O)c2ccccc2)c1,2.9,2.0,25.0
O=C(O)CCC(=O)c1ccc(-c2ccccc2)cc1,3.14,5.0,22.0
O=C(O)CCC(=O)c1ccc(-c2ccccc2)cc1,3.14,4.0,22.0
O=C(O)CCC(=O)c1ccc(-c2ccccc2)cc1,3.14,6.0,22.0
O=C(O)CCC(=O)c1ccc(-c2ccccc2)cc1,3.14,7.5,22.0
O=C(O)CCC(=O)c1ccc(-c2ccccc2)cc1,3.14,7.0,22.0
O=C(O)CCC(=O)c1ccc(-c2ccccc2)cc1,3.14,3.0,22.0
O=C(O)CCC(=O)c1ccc(-c2ccccc2)cc1,3.14,2.0,22.0
O=C(O)CCC(=O)c1ccc(-c2ccccc2)cc1,3.14,1.2,22.0
CC(C(=O)O)c1cccc(C(=O)c2ccccc2)c1,3.16,6.92,25.0
CC(C(=O)O)c1cccc(C(=O)c2ccccc2)c1,3.12,7.4,22.0
CC(C(=O)O)c1cccc(C(=O)c2ccccc2)c1,3.12,5.0,22.0
CC(C(=O)O)c1cccc(C(=O)c2ccccc2)c1,3.16,5.48,25.0
CC(C(=O)O)c1cccc(C(=O)c2ccccc2)c1,3.16,4.52,25.0
CC(C(=O)O)c1cccc(C(=O)c2ccccc2)c1,3.16,5.74,25.0
CC(C(=O)O)c1cccc(C(=O)c2ccccc2)c1,3.16,2.5,25.0
CC(C(=O)O)c1cccc(C(=O)c2ccccc2)c1,3.16,2.67,25.0
CC(C(=O)O)c1cccc(C(=O)c2ccccc2)c1,3.16,3.02,25.0
CC(C(=O)O)c1cccc(C(=O)c2ccccc2)c1,3.16,3.88,25.0
CC(C(=O)O)c1cccc(C(=O)c2ccccc2)c1,3.16,3.48,25.0
CC(C(=O)O)c1cccc(C(=O)c2ccccc2)c1,3.16,1.22,25.0
CC(C(=O)O)c1cccc(C(=O)c2ccccc2)c1,3.12,2.0,21.0
COc1ccc2cc(C(C)C(=O)OCC(N)=O)ccc2c1,2.06,7.4,21.0
NC(Cc1ccc(O)c(O)c1)C(=O)OCc1ccccc1,1.06,7.4,20.0
Cc1cn(C2CC(N=[N+]=[N-])C(COC(=O)c3ccncc3)O2)c(=O)[nH]c1=O,0.83,4.2,25.0
Cc1cn(C2CC(N=[N+]=[N-])C(COC(=O)c3ccncc3)O2)c(=O)[nH]c1=O,0.83,2.06,25.0
Cc1cn(C2CC(N=[N+]=[N-])C(COC(=O)c3ccncc3)O2)c(=O)[nH]c1=O,0.83,5.9,25.0
Cc1cn(C2CC(N=[N+]=[N-])C(COC(=O)c3ccncc3)O2)c(=O)[nH]c1=O,0.83,6.6,25.0
Cc1cn(C2CC(N=[N+]=[N-])C(COC(=O)c3ccncc3)O2)c(=O)[nH]c1=O,0.83,1.68,25.0
Cc1cn(C2CC(N=[N+]=[N-])C(COC(=O)c3ccncc3)O2)c(=O)[nH]c1=O,0.83,6.7,25.0
Cc1cn(C2CC(N=[N+]=[N-])C(COC(=O)c3ccncc3)O2)c(=O)[nH]c1=O,0.83,7.1,25.0
Cc1cn(C2CC(N=[N+]=[N-])C(COC(=O)c3ccncc3)O2)c(=O)[nH]c1=O,0.83,8.0,25.0
CCOC(=O)C(C)c1ccc2cc(OC)ccc2c1,4.51,7.4,21.0
CC(C)(C)C(=O)OCn1cc(F)c(=O)n(COC(=O)C(C)(C)C)c1=O,2.54,4.0,22.0
OC(c1ccc(F)cc1)(c1cncnc1)c1ccccc1Cl,2.2,7.0,25.0
O=C(O)Cc1sc(-c2ccccc2)nc1-c1ccc(Cl)cc1,5.19,2.0,25.0
Cc1ccc(-c2cc(C(F)(F)F)nn2-c2ccc(S(N)(=O)=O)cc2)cc1,3.68,9.05,25.0
Cc1ccc(-c2cc(C(F)(F)F)nn2-c2ccc(S(N)(=O)=O)cc2)cc1,3.68,7.6,25.0
Cc1ccc(-c2cc(C(F)(F)F)nn2-c2ccc(S(N)(=O)=O)cc2)cc1,3.68,9.93,25.0
Cc1ccc(-c2cc(C(F)(F)F)nn2-c2ccc(S(N)(=O)=O)cc2)cc1,3.68,10.9,25.0
Cc1ccc(-c2cc(C(F)(F)F)nn2-c2ccc(S(N)(=O)=O)cc2)cc1,3.68,7.7,25.0
Cc1ccc(-c2cc(C(F)(F)F)nn2-c2ccc(S(N)(=O)=O)cc2)cc1,3.68,8.1,25.0
CS(=O)(=O)c1ccc(-c2coc(O)c2-c2ccccc2)cc1,1.71,1.2,22.0
CS(=O)(=O)c1ccc(-c2coc(O)c2-c2ccccc2)cc1,1.71,7.4,25.0
NC(=O)CCCN=C(c1ccc(Cl)cc1)c1cc(F)ccc1O,2.97,6.9,37.0
NC(=O)CCCN=C(c1ccc(Cl)cc1)c1cc(F)ccc1O,2.97,9.9,37.0
NC(=O)CCCN=C(c1ccc(Cl)cc1)c1cc(F)ccc1O,2.97,8.0,37.0
NC(=O)CCCN=C(c1ccc(Cl)cc1)c1cc(F)ccc1O,2.97,6.0,37.0
NC(=O)CCCN=C(c1ccc(Cl)cc1)c1cc(F)ccc1O,2.97,4.1,37.0
NC(=O)CCCN=C(c1ccc(Cl)cc1)c1cc(F)ccc1O,2.97,3.5,37.0
NC(=O)CCCN=C(c1ccc(Cl)cc1)c1cc(F)ccc1O,2.97,2.8,37.0
NC(=O)CCCN=C(c1ccc(Cl)cc1)c1cc(F)ccc1O,2.97,2.3,37.0
NC(=O)CCCN=C(c1ccc(Cl)cc1)c1cc(F)ccc1O,2.97,4.9,37.0
NC(=O)CCCN=C(c1ccc(Cl)cc1)c1cc(F)ccc1O,2.97,1.8,37.0
CCCc1onc(C)c1N=C1CC(=O)C(=O)c2ccccc21,1.8,3.45,25.0
CCCc1onc(C)c1N=C1CC(=O)C(=O)c2ccccc21,1.8,8.85,25.0
CCCc1onc(C)c1N=C1CC(=O)C(=O)c2ccccc21,1.8,6.47,25.0
CCCc1onc(C)c1N=C1CC(=O)C(=O)c2ccccc21,1.8,7.52,25.0
CCCc1onc(C)c1N=C1CC(=O)C(=O)c2ccccc21,1.8,9.62,25.0
CCCc1onc(C)c1N=C1CC(=O)C(=O)c2ccccc21,1.8,7.96,25.0
CCC1(c2ccccc2)C(=O)NC(=O)N1S(=O)(=O)c1ccccc1,-2.44,7.0,37.0
COC1=CC(=O)CC(C)C12Oc1c(Cl)c(OC)cc(OC)c1C2=O,2.18,6.4,37.0
CCCc1c2c(c(O)c3c(=O)cc(C(=O)O)oc13)CCCC2,4.4,4.17,20.0
CCCc1c2c(c(O)c3c(=O)cc(C(=O)O)oc13)CCCC2,4.4,5.0,20.0
CCCc1c2c(c(O)c3c(=O)cc(C(=O)O)oc13)CCCC2,4.4,2.99,20.0
CCCc1c2c(c(O)c3c(=O)cc(C(=O)O)oc13)CCCC2,4.4,4.95,20.0
CN(C)CCCN1c2ccccc2Sc2ccc(Cl)cc21,5.35,10.62,20.0
CN(C)CCCN1c2ccccc2Sc2ccc(Cl)cc21,5.35,9.71,20.0
CN(C)CCCN1c2ccccc2Sc2ccc(Cl)cc21,5.35,11.13,20.0
CN(C)CCCN1c2ccccc2Sc2ccc(Cl)cc21,5.35,8.65,20.0
CN(C)CCCN1c2ccccc2Sc2ccc(Cl)cc21,5.35,8.91,20.0
CN(C)CCCN1c2ccccc2Sc2ccc(Cl)cc21,5.35,8.43,20.0
CN(C)CCCN1c2ccccc2Sc2ccc(Cl)cc21,5.35,8.54,20.0
CN(C)CCCN1c2ccccc2Sc2ccc(Cl)cc21,5.35,7.54,20.0
CN(C)CCCN1c2ccccc2Sc2ccc(Cl)cc21,5.35,7.89,20.0
COC(=O)c1cccc(C)c1S(=O)(=O)NC(=O)N=c1nc(N(C)C)nc(OCC(F)(F)F)[nH]1,0.96,7.0,25.0
COC(=O)c1cccc(C)c1S(=O)(=O)NC(=O)N=c1nc(N(C)C)nc(OCC(F)(F)F)[nH]1,0.96,9.0,25.0
COC(=O)c1cccc(C)c1S(=O)(=O)NC(=O)N=c1nc(N(C)C)nc(OCC(F)(F)F)[nH]1,0.96,5.0,25.0
COC(=O)c1cccc(C)c1S(=O)(=O)NC(=O)N=c1nc(N(C)C)nc(OCC(F)(F)F)[nH]1,0.96,3.0,25.0
CN1CCC23c4c5ccc(O)c4OC2C(O)C=CC3C1C5,0.76,7.4,25.0
CN1CCC23c4c5ccc(O)c4OC2C(O)C=CC3C1C5,0.76,8.0,35.0
CN(C)CCCN1c2ccccc2Sc2ccccc21,4.55,8.41,20.0
CN(C)CCCN1c2ccccc2Sc2ccccc21,4.55,8.28,20.0
CN(C)CCCN1c2ccccc2Sc2ccccc21,4.55,11.06,20.0
CN(C)CCCN1c2ccccc2Sc2ccccc21,4.55,9.25,20.0
CN(C)CCCN1c2ccccc2Sc2ccccc21,4.55,8.45,20.0
CN(C)CCCN1c2ccccc2Sc2ccccc21,4.55,8.68,20.0
CN(C)CCCN1c2ccccc2Sc2ccccc21,4.55,10.48,20.0
CN(C)CCCN1c2ccccc2Sc2ccccc21,4.55,8.29,20.0
CN(C)CCCN1c2ccccc2Sc2ccccc21,4.55,10.02,20.0
CN(C)CCCN1c2ccccc2Sc2ccccc21,4.55,8.78,20.0
CN(C)CCCN1c2ccccc2Sc2ccccc21,4.55,11.55,20.0
CN(C)CCCN1c2ccccc2Sc2ccccc21,4.55,8.26,20.0
CN(C)CCCN1c2ccccc2Sc2ccccc21,4.55,10.42,20.0
CC(CN1c2ccccc2Sc2ccccc21)N(C)C,4.81,7.4,37.0
CN(C)CCCN1c2ccccc2Sc2ccccc21,4.55,8.07,20.0
CN(C)CCCN1c2ccccc2Sc2ccccc21,4.55,9.04,20.0
CN(C)CCCN1c2ccccc2Sc2ccccc21,4.55,7.71,20.0
CN(C)CCCN1c2ccccc2Sc2ccccc21,4.55,8.05,20.0
CN(C)CCOC(c1ccccc1)c1ccccc1,3.3,7.4,37.0
COc1ccc(CN(CCN(C)C)c2ccccn2)cc1,3.27,7.4,37.0
CCCC(=NOCC)C1C(=O)CC(C(C)CSCC)CC1=O,1.65,7.0,20.0
COc1ccc2c3c1OC1C(O)C=CC4C(C2)N(C)CCC341,0.47,7.4,25.0
COc1ccc2cc(C(C)C(=O)OCC(=O)N(C)C)ccc2c1,2.05,7.4,21.0
CCC(c1ccc(O)cc1)C(CC)c1ccc(O)cc1,5.11,6.4,37.0
CCN(CC)CCCC(C)N=c1cc[nH]c2cc(Cl)ccc12,4.63,10.5,20.0
CCN(CC)CCCC(C)N=c1cc[nH]c2cc(Cl)ccc12,4.63,9.76,20.0
CCN(CC)CCCC(C)N=c1cc[nH]c2cc(Cl)ccc12,4.63,9.35,20.0
CCN(CC)CCCC(C)N=c1cc[nH]c2cc(Cl)ccc12,4.63,11.78,20.0
CCN(CC)CCCC(C)N=c1cc[nH]c2cc(Cl)ccc12,4.63,9.42,20.0
CCN(CC)CCCC(C)N=c1cc[nH]c2cc(Cl)ccc12,4.63,10.57,20.0
CCN(CC)CCCC(C)N=c1cc[nH]c2cc(Cl)ccc12,4.63,9.8,20.0
CCN(CC)CCCC(C)N=c1cc[nH]c2cc(Cl)ccc12,4.63,12.46,20.0
CCN(CC)CCCC(C)N=c1cc[nH]c2cc(Cl)ccc12,4.63,10.95,20.0
O=c1c(Cc2c(O)oc3ccccc3c2=O)c(O)oc2ccccc12,2.07,7.5,37.0
O=c1c(Cc2c(O)oc3ccccc3c2=O)c(O)oc2ccccc12,2.07,6.5,25.0
COc1ccc2c(c1)c(CC(=O)O)c(C)n2C(=O)c1ccc(Cl)cc1,4.27,6.6,25.0
COc1ccc2c(c1)c(CC(=O)O)c(C)n2C(=O)c1ccc(Cl)cc1,4.27,7.4,25.0
COc1ccc2c(c1)c(CC(=O)O)c(C)n2C(=O)c1ccc(Cl)cc1,4.27,1.2,22.0
COc1ccc2c(c1)c(CC(=O)O)c(C)n2C(=O)c1ccc(Cl)cc1,4.27,5.0,22.0
COc1ccc2c(c1)c(CC(=O)O)c(C)n2C(=O)c1ccc(Cl)cc1,4.27,6.5,22.0
COc1ccc2c(c1)c(CC(=O)O)c(C)n2C(=O)c1ccc(Cl)cc1,4.27,7.4,22.0
COc1ccc2c(c1)c(CC(=O)O)c(C)n2C(=O)c1ccc(Cl)cc1,4.27,6.0,22.0
COc1ccc2c(c1)c(CC(=O)O)c(C)n2C(=O)c1ccc(Cl)cc1,4.27,7.0,22.0
COc1ccc2c(c1)c(CC(=O)O)c(C)n2C(=O)c1ccc(Cl)cc1,4.27,3.0,37.0
COc1ccc2c(c1)c(CC(=O)O)c(C)n2C(=O)c1ccc(Cl)cc1,4.27,5.0,37.0
COc1ccc2c(c1)c(CC(=O)O)c(C)n2C(=O)c1ccc(Cl)cc1,4.27,6.5,37.0
COc1ccc2c(c1)c(CC(=O)O)c(C)n2C(=O)c1ccc(Cl)cc1,4.27,6.0,37.0
COc1ccc2c(c1)c(CC(=O)O)c(C)n2C(=O)c1ccc(Cl)cc1,4.27,7.0,37.0
COc1ccc2c(c1)c(CC(=O)O)c(C)n2C(=O)c1ccc(Cl)cc1,4.27,6.5,25.0
CCOCCOC(=O)C(C)Oc1ccc(Oc2ncc(C(F)(F)F)cc2Cl)cc1,4.33,9.0,9.0
CCCCOC(=O)C(C)Oc1ccc(Oc2ccc(C(F)(F)F)cn2)cc1,4.5,6.5,20.0
CCCCc1c(O)n(-c2ccccc2)n(-c2ccccc2)c1=O,3.16,5.0,22.0
CCCCc1c(O)n(-c2ccccc2)n(-c2ccccc2)c1=O,3.16,6.0,22.0
CCCCc1c(O)n(-c2ccccc2)n(-c2ccccc2)c1=O,3.16,4.0,22.0
CCCCc1c(O)n(-c2ccccc2)n(-c2ccccc2)c1=O,3.16,3.0,37.0
CCCCc1c(O)n(-c2ccc(O)cc2)n(-c2ccccc2)c1=O,2.72,5.0,22.0
CCCCCc1onc(C)c1N=C1CC(=O)C(=O)c2ccccc21,3.42,9.89,25.0
CCCCCc1onc(C)c1N=C1CC(=O)C(=O)c2ccccc21,3.42,6.81,25.0
CCCCc1c(O)n(-c2ccc(O)cc2)n(-c2ccccc2)c1=O,2.72,6.0,22.0
CCCCCc1onc(C)c1N=C1CC(=O)C(=O)c2ccccc21,3.42,8.23,25.0
CCCCCc1onc(C)c1N=C1CC(=O)C(=O)c2ccccc21,3.42,4.86,25.0
CCCCc1c(O)n(-c2ccc(O)cc2)n(-c2ccccc2)c1=O,2.72,4.0,22.0
CCCCc1c(O)n(-c2ccc(O)cc2)n(-c2ccccc2)c1=O,2.72,3.0,22.0
CCCCc1c(O)n(-c2ccc(O)cc2)n(-c2ccccc2)c1=O,2.72,2.0,22.0
CCCCc1c(O)n(-c2ccc(O)cc2)n(-c2ccccc2)c1=O,2.72,1.2,22.0
COc1ccc2cc(C(C)C(=O)OCC(=O)N(C)CC(N)=O)ccc2c1,1.37,7.4,21.0
COc1ccc2cc(C(C)C(=O)OCC(=O)N(C)CCO)ccc2c1,2.01,7.4,21.0
CC(CCc1ccccc1)NCC(O)c1ccc(O)c(C(N)=O)c1,1.33,9.13,25.0
CC(CCc1ccccc1)NCC(O)c1ccc(O)c(C(N)=O)c1,1.33,10.35,25.0
CC(CCc1ccccc1)NCC(O)c1ccc(O)c(C(N)=O)c1,1.33,6.32,25.0
CC(CCc1ccccc1)NCC(O)c1ccc(O)c(C(N)=O)c1,1.33,5.82,25.0
CC(CCc1ccccc1)NCC(O)c1ccc(O)c(C(N)=O)c1,1.33,7.9,25.0
CC(CCc1ccccc1)NCC(O)c1ccc(O)c(C(N)=O)c1,1.33,9.89,25.0
CC(CCc1ccccc1)NCC(O)c1ccc(O)c(C(N)=O)c1,1.33,6.92,25.0
CC(CCc1ccccc1)NCC(O)c1ccc(O)c(C(N)=O)c1,1.33,11.16,25.0
CC(CCc1ccccc1)NCC(O)c1ccc(O)c(C(N)=O)c1,1.33,11.72,25.0
CC(CCc1ccccc1)NCC(O)c1ccc(O)c(C(N)=O)c1,1.33,9.73,25.0
CC(CCc1ccccc1)NCC(O)c1ccc(O)c(C(N)=O)c1,1.33,8.55,25.0
CCN(CC)C(=O)C(C#N)=Cc1cc(OC(=O)NC(C)(C)C)c(O)c([N+](=O)[O-])c1,1.8,5.0,22.0
CCCCNC(=O)Oc1cc(C=C(C#N)C(=O)N(CC)CC)cc([N+](=O)[O-])c1O,0.96,7.4,22.0
CCCCNC(=O)Oc1cc(C=C(C#N)C(=O)N(CC)CC)cc([N+](=O)[O-])c1O,1.98,5.0,22.0
CCN(CC)C(=O)C(C#N)=Cc1cc(OC(=O)NC(C)(C)C)c(O)c([N+](=O)[O-])c1,0.74,7.4,22.0
CC1=C(CC(=O)O)c2cc(F)ccc2C1=Cc1ccc(S(C)=O)cc1,3.42,5.0,22.0
CC1=C(CC(=O)O)c2cc(F)ccc2C1=Cc1ccc(S(C)=O)cc1,3.42,1.2,22.0
COc1ccc(Cc2nccc3cc(OC)c(OC)cc23)cc1OC,3.0,5.4,37.0
COc1ccc(Cc2nccc3cc(OC)c(OC)cc23)cc1OC,3.0,7.0,37.0
COc1ccc(Cc2nccc3cc(OC)c(OC)cc23)cc1OC,3.0,7.4,37.0
CN(C)CCC=C1c2ccccc2CCc2ccccc21,5.04,9.06,24.0
CN(C)CCC=C1c2ccccc2CCc2ccccc21,5.04,9.44,24.0
CN(C)CCC=C1c2ccccc2CCc2ccccc21,5.04,9.78,24.0
O=C1CCC2(O)C3Cc4ccc(O)c5c4C2(CCN3CC2CC2)C1O5,1.92,7.4,32.0
C=C[C@H]1CN2CCC1C[C@H]2[C@H](O)c1ccnc2ccc(OC)cc12,2.64,6.8,25.0
C=C[C@H]1CN2CCC1C[C@H]2[C@H](O)c1ccnc2ccc(OC)cc12,2.64,7.4,25.0
CCN(CC)C(=O)COC(=O)C(C)c1ccc2cc(OC)ccc2c1,3.32,7.4,21.0
COc1ccc2cc(C(C)C(=O)OCC(=O)N(CCO)CCO)ccc2c1,1.7,7.4,21.0
CCOC(=O)C(CCc1ccccc1)NC(C)C(=O)N1CCCC1C(=O)O,0.16,7.4,25.0
CCOC(=O)C(CCc1ccccc1)NC(C)C(=O)N1CCCC1C(=O)O,0.16,1.0,25.0
CCOC(=O)C(CCc1ccccc1)NC(C)C(=O)N1CCCC1C(=O)O,0.16,6.8,25.0
CCOC(=O)C(CCc1ccccc1)NC(C)C(=O)N1CCCC1C(=O)O,0.16,5.0,25.0
CCCCCC(O)/C=C/C1C(O)CC(O)C1C/C=C/CCCC(=O)O,2.72,3.0,25.0
CCCCCC(O)/C=C/C1C(O)CC(O)C1C/C=C/CCCC(=O)O,2.72,5.0,25.0
CCCCCC(O)/C=C/C1C(O)CC(O)C1C/C=C/CCCC(=O)O,2.72,4.0,25.0
O=C1CC2OCC=C3CN4CCC56c7ccccc7N1C5C2C3CC46,1.93,9.43,20.0
N#Cc1ccc2c(c1)N(CCCN1CCC(O)CC1)c1ccccc1S2,3.52,7.4,37.0
CN1CCN(CCCN2c3ccccc3Sc3ccc(C(F)(F)F)cc32)CC1,5.03,7.4,37.0
CC(C)(C)C1CCC(=Cc2c(O)c(O)c3ccccc3c2O)CC1,7.02,7.4,25.0
CC12C=CC(=O)C=C1CCC1C3CC(O)C(O)(C(=O)CO)C3(C)CC(O)C12F,1.16,7.0,25.0
CC12CCC(=O)C=C1CCC1C2C(O)CC2(C)C(C(=O)CO)CCC12,1.94,6.5,37.0
CC1c2cccc(O)c2C(=O)C2C(=O)C3(O)C(=O)C(C(N)=O)C(=O)C(N(C)C)C3C(O)C21,-0.22,2.87,25.0
CC1c2cccc(O)c2C(=O)C2C(=O)C3(O)C(=O)C(C(N)=O)C(=O)C(N(C)C)C3C(O)C21,-0.22,5.11,25.0
CC1c2cccc(O)c2C(=O)C2C(=O)C3(O)C(=O)C(C(N)=O)C(=O)C(N(C)C)C3C(O)C21,-0.22,3.7,25.0
CC1c2cccc(O)c2C(=O)C2C(=O)C3(O)C(=O)C(C(N)=O)C(=O)C(N(C)C)C3C(O)C21,-0.22,3.23,25.0
CC1c2cccc(O)c2C(=O)C2C(=O)C3(O)C(=O)C(C(N)=O)C(=O)C(N(C)C)C3C(O)C21,-0.22,2.84,25.0
CC1c2cccc(O)c2C(=O)C2C(=O)C3(O)C(=O)C(C(N)=O)C(=O)C(N(C)C)C3C(O)C21,-0.22,2.63,25.0
CC1c2cccc(O)c2C(=O)C2C(=O)C3(O)C(=O)C(C(N)=O)C(=O)C(N(C)C)C3C(O)C21,-0.22,2.6,25.0
CC1c2cccc(O)c2C(=O)C2C(=O)C3(O)C(=O)C(C(N)=O)C(=O)C(N(C)C)C3C(O)C21,-0.22,3.49,25.0
CC1c2cccc(O)c2C(=O)C2C(=O)C3(O)C(=O)C(C(N)=O)C(=O)C(N(C)C)C3C(O)C21,-0.22,2.81,25.0
CC1c2cccc(O)c2C(=O)C2C(=O)C3(O)C(=O)C(C(N)=O)C(=O)C(N(C)C)C3C(O)C21,-0.22,2.52,25.0
CN(C)C1C(=O)C(C(N)=O)C(=O)C2(O)C(=O)C3C(=O)c4c(O)cccc4[C@@](C)(O)C3C(O)C12,-0.9,5.68,25.0
CN(C)C1C(=O)C(C(N)=O)C(=O)C2(O)C(=O)C3C(=O)c4c(O)cccc4[C@@](C)(O)C3C(O)C12,-0.9,5.61,25.0
CN(C)C1C(=O)C(C(N)=O)C(=O)C2(O)C(=O)C3C(=O)c4c(O)cccc4[C@@](C)(O)C3C(O)C12,-0.9,5.55,25.0
CN(C)C1C(=O)C(C(N)=O)C(=O)C2(O)C(=O)C3C(=O)c4c(O)cccc4[C@@](C)(O)C3C(O)C12,-0.9,4.87,25.0
CN(C)C1C(=O)C(C(N)=O)C(=O)C2(O)C(=O)C3C(=O)c4c(O)cccc4[C@@](C)(O)C3C(O)C12,-0.9,4.86,25.0
CN(C)C1C(=O)C(C(N)=O)C(=O)C2(O)C(=O)C3C(=O)c4c(O)cccc4[C@@](C)(O)C3C(O)C12,-0.9,4.82,25.0
CN(C)C1C(=O)C(C(N)=O)C(=O)C2(O)C(=O)C3C(=O)c4c(O)cccc4[C@@](C)(O)C3C(O)C12,-0.9,4.55,25.0
CN(C)C1C(=O)C(C(N)=O)C(=O)C2(O)C(=O)C3C(=O)c4c(O)cccc4[C@@](C)(O)C3C(O)C12,-0.9,4.47,25.0
CN(C)C1C(=O)C(C(N)=O)C(=O)C2(O)C(=O)C3C(=O)c4c(O)cccc4[C@@](C)(O)C3C(O)C12,-0.9,4.43,25.0
CN(C)C1C(=O)C(C(N)=O)C(=O)C2(O)C(=O)C3C(=O)c4c(O)cccc4[C@@](C)(O)C3C(O)C12,-0.9,3.74,25.0
CN(C)C1C(=O)C(C(N)=O)C(=O)C2(O)C(=O)C3C(=O)c4c(O)cccc4[C@@](C)(O)C3C(O)C12,-0.9,3.48,25.0
CN(C)C1C(=O)C(C(N)=O)C(=O)C2(O)C(=O)C3C(=O)c4c(O)cccc4[C@@](C)(O)C3C(O)C12,-0.9,2.91,25.0
CN(C)C1C(=O)C(C(N)=O)C(=O)C2(O)C(=O)C3C(=O)c4c(O)cccc4[C@@](C)(O)C3C(O)C12,-0.9,2.12,25.0
CN(C)C1C(=O)C(C(N)=O)C(=O)C2(O)C(=O)C3C(=O)c4c(O)cccc4[C@@](C)(O)C3C(O)C12,-0.9,5.8,25.0
CN(C)C1C(=O)C(C(N)=O)C(=O)C2(O)C(=O)C3C(=O)c4c(O)cccc4[C@@](C)(O)C3C(O)C12,-0.9,2.23,25.0
CCOC(=O)Nc1ccc2c(c1)N(C(=O)CCN1CCOCC1)c1ccccc1S2,2.98,7.0,25.0
CCOC(=O)Nc1ccc2c(c1)N(C(=O)CCN1CCOCC1)c1ccccc1S2,2.98,6.0,25.0
OCCN1CCN(CCCN2c3ccccc3Sc3ccc(C(F)(F)F)cc32)CC1,4.36,7.4,37.0
COc1ccc(C2Sc3ccccc3N(CCN(C)C)C(=O)C2OC(C)=O)cc1,2.89,6.8,25.0
COc1ccc(C2Sc3ccccc3N(CCN(C)C)C(=O)C2OC(C)=O)cc1,2.89,7.4,25.0
C#CC1(O)CCC2C3CCC4=Cc5oncc5CC4(C)C3CCC21C,4.53,7.5,37.0
CCC(=O)O[C@@](Cc1ccccc1)(c1ccccc1)[C@@H](C)CN(C)C,4.37,7.4,25.0
CCC(=O)O[C@@](Cc1ccccc1)(c1ccccc1)[C@@H](C)CN(C)C,4.37,6.8,25.0
CCC(=O)O[C@@](Cc1ccccc1)(c1ccccc1)[C@@H](C)CN(C)C,4.37,7.32,25.0
CCC(=O)O[C@@](Cc1ccccc1)(c1ccccc1)[C@@H](C)CN(C)C,4.37,8.5,25.0
CCC(=O)O[C@@](Cc1ccccc1)(c1ccccc1)[C@@H](C)CN(C)C,4.37,11.0,25.0
CCC(=O)O[C@@](Cc1ccccc1)(c1ccccc1)[C@@H](C)CN(C)C,4.37,9.0,25.0
CCC(=O)O[C@@](Cc1ccccc1)(c1ccccc1)[C@@H](C)CN(C)C,4.37,7.5,25.0
CCC(=O)O[C@@](Cc1ccccc1)(c1ccccc1)[C@@H](C)CN(C)C,4.37,8.0,25.0
CCC(=O)N(c1ccccc1)C1(COC)CCN(CCc2cccs2)CC1,3.95,8.73,35.0
CCCN(CCC)Cc1cccc(C(=O)OCCOCn2cnc3c(=O)[nH]c(=N)[nH]c32)c1,0.6,6.96,21.0
CCCN(CCC)Cc1cccc(C(=O)OCCOCn2cnc3c(=O)[nH]c(=N)[nH]c32)c1,0.6,9.36,21.0
CCCN(CCC)Cc1cccc(C(=O)OCCOCn2cnc3c(=O)[nH]c(=N)[nH]c32)c1,0.6,6.22,21.0
CCCN(CCC)Cc1cccc(C(=O)OCCOCn2cnc3c(=O)[nH]c(=N)[nH]c32)c1,0.6,4.94,21.0
CCCN(CCC)Cc1cccc(C(=O)OCCOCn2cnc3c(=O)[nH]c(=N)[nH]c32)c1,0.6,7.75,21.0
CCCC(=O)OC[C@@H](Cc1cncn1C)C(CC)C(=O)OCc1ccc(C)cc1,3.87,7.38,23.0
CCCC(=O)OC[C@@H](Cc1cncn1C)C(CC)C(=O)OCc1ccc(C)cc1,3.87,4.66,23.0
CCCC(=O)OC[C@@H](Cc1cncn1C)C(CC)C(=O)OCc1ccc(C)cc1,3.87,9.0,23.0
CCCC(=O)OC[C@@H](Cc1cncn1C)C(CC)C(=O)OCc1ccc(C)cc1,3.87,5.86,23.0
CCCC(=O)OC[C@@H](Cc1cncn1C)C(CC)C(=O)OCc1ccc(C)cc1,3.87,7.0,23.0
CCCC(=O)OC[C@@H](Cc1cncn1C)C(CC)C(=O)OCc1ccc(C)cc1,3.87,6.27,23.0
CCCC(=O)OC[C@@H](Cc1cncn1C)C(CC)C(=O)OCc1ccc(C)cc1,3.87,6.5,23.0
CCCC(=O)OC[C@@H](Cc1cncn1C)C(CC)C(=O)OCc1ccc(C)cc1,3.87,5.0,23.0
CCCC(=O)OC[C@@H](Cc1cncn1C)C(CC)C(=O)OCc1ccc(C)cc1,3.87,5.22,23.0
CCCC(=O)OC[C@@H](Cc1cncn1C)C(CC)C(=O)OCc1ccc(C)cc1,3.87,5.5,23.0
CCCC(=O)OC[C@@H](Cc1cncn1C)C(CC)C(=O)OCc1ccc(C)cc1,3.87,4.5,23.0
CCCC(=O)OC[C@@H](Cc1cncn1C)C(CC)C(=O)OCc1ccc(C)cc1,3.87,4.58,23.0
CCC(C)C(=O)OC1CCC=C2C=C[C@H](C)[C@H](CCC3C[C@@H](O)CC(=O)O3)C21,3.95,5.0,23.0
CCC(C)C(=O)OC1C[C@H](O)C=C2C=CC(C)[C@H](CCC3C[C@@H](O)CC(=O)O3)C21,2.42,5.0,23.0
CCCCN(CCCC)Cc1cccc(C(=O)OCCOCn2cnc3c(=O)[nH]c(=N)[nH]c32)c1,1.5,5.78,21.0
CCCCN(CCCC)Cc1cccc(C(=O)OCCOCn2cnc3c(=O)[nH]c(=N)[nH]c32)c1,1.5,6.76,21.0
CCCCN(CCCC)Cc1cccc(C(=O)OCCOCn2cnc3c(=O)[nH]c(=N)[nH]c32)c1,1.5,7.95,21.0
CCCCN(CCCC)Cc1cccc(C(=O)OCCOCn2cnc3c(=O)[nH]c(=N)[nH]c32)c1,1.5,4.95,21.0
CCCCN(CCCC)Cc1cccc(C(=O)OCCOCn2cnc3c(=O)[nH]c(=N)[nH]c32)c1,1.5,9.19,21.0
CCC(C)C(=O)OC1CC(C)C=C2C=C[C@H](C)[C@H](CC[C@@H]3CC(O)CC(=O)O3)[C@H]21,4.26,5.0,23.0
CC(CCC(=O)O)C1CCC2C3C(O)CC4CC(O)CCC4(C)C3CCC12C,4.15,3.0,25.0
C[C@H](CCC(=O)O)[C@H]1CC[C@H]2[C@H]3[C@H](CC[C@@]21C)[C@@]1(C)CC[C@@H](O)CC1C[C@H]3O,4.15,2.4,20.0
C[C@H](CCC(=O)O)[C@H]1CC[C@H]2[C@@H]3CC[C@@H]4C[C@H](O)CC[C@]4(C)[C@H]3C[C@H](O)C21C,3.5,3.0,25.0
C[C@H](CCC(=O)O)[C@H]1CC[C@H]2[C@@H]3CC[C@@H]4C[C@H](O)CC[C@]4(C)[C@H]3C[C@H](O)C21C,3.5,2.4,20.0
CC(CCC(=O)O)C1CCC2C3C(O)CC4CC(O)CCC4(C)C3CC(O)C12C,2.39,3.0,25.0
CC(CCC(=O)O)C1CCC2C3C(O)CC4CC(O)CCC4(C)C3CC(O)C12C,2.39,2.4,37.0
CCC(C)(C)C(=O)OC1CC(C)C=C2C=C[C@H](C)[C@H](CC[C@@H]3CC(O)CC(=O)O3)[C@H]21,4.68,5.0,23.0
CCCCC(=O)OC1(C(=O)CO)[C@@H](C)CC2C3CC=C4CC(=O)C=CC4(C)C3(F)C(O)CC21C,3.6,5.5,37.0
COc1ccc(CCN(C)CCCC(C#N)(c2ccc(OC)c(OC)c2)C(C)C)cc1OC,3.79,7.5,25.0
COc1ccc(CCN(C)CCCC(C#N)(c2ccc(OC)c(OC)c2)C(C)C)cc1OC,3.79,8.0,25.0
COc1ccc(CCN(C)CCCC(C#N)(c2ccc(OC)c(OC)c2)C(C)C)cc1OC,3.79,7.0,25.0
COc1ccc(CCN(C)CCCC(C#N)(c2ccc(OC)c(OC)c2)C(C)C)cc1OC,3.79,8.35,25.0
COc1ccc(CCN(C)CCCC(C#N)(c2ccc(OC)c(OC)c2)C(C)C)cc1OC,3.79,9.31,25.0
COc1ccc(CCN(C)CCCC(C#N)(c2ccc(OC)c(OC)c2)C(C)C)cc1OC,3.79,12.33,25.0
COc1ccc(CCN(C)CCCC(C#N)(c2ccc(OC)c(OC)c2)C(C)C)cc1OC,3.79,11.29,25.0
COc1ccc(CCN(C)CCCC(C#N)(c2ccc(OC)c(OC)c2)C(C)C)cc1OC,3.79,10.38,25.0
COc1ccc(CCN(C)CCCC(C#N)(c2ccc(OC)c(OC)c2)C(C)C)cc1OC,3.79,11.5,22.0
COc1ccc(CCN(C)CCCC(C#N)(c2ccc(OC)c(OC)c2)C(C)C)cc1OC,3.79,10.08,25.0
COc1ccc(CCN(C)CCCC(C#N)(c2ccc(OC)c(OC)c2)C(C)C)cc1OC,3.79,8.94,25.0
COc1ccc(CCN(C)CCCC(C#N)(c2ccc(OC)c(OC)c2)C(C)C)cc1OC,3.79,9.84,25.0
COc1ccc(CCN(C)CCCC(C#N)(c2ccc(OC)c(OC)c2)C(C)C)cc1OC,3.79,7.14,25.0
COc1ccc(CCN(C)CCCC(C#N)(c2ccc(OC)c(OC)c2)C(C)C)cc1OC,3.79,8.69,25.0
CC(C)(C)c1ccc(C(O)CCCN2CCC(C(O)(c3ccccc3)c3ccccc3)CC2)cc1,5.72,7.4,25.0
CC(C)(C)c1ccc(C(O)CCCN2CCC(C(O)(c3ccccc3)c3ccccc3)CC2)cc1,5.72,6.8,25.0
CC(C)(C)c1ccc(C(O)CCCN2CCC(C(O)(c3ccccc3)c3ccccc3)CC2)cc1,5.72,5.0,25.0
CSCC(NC(=O)COc1cccc2cnccc12)C(=O)NC(Cc1ccccc1)C(=O)C(O)N1CSCC1C(=O)NC(C)(C)C,3.56,7.5,25.0
CSCC(NC(=O)COc1cccc2cnccc12)C(=O)NC(Cc1ccccc1)C(=O)C(O)N1CSCC1C(=O)NC(C)(C)C,3.56,6.8,25.0
CSCC(NC(=O)COc1cccc2cnccc12)C(=O)NC(Cc1ccccc1)C(=O)C(O)N1CSCC1C(=O)NC(C)(C)C,3.56,5.44,25.0
CSCC(NC(=O)COc1cccc2cnccc12)C(=O)NC(Cc1ccccc1)C(=O)C(O)N1CSCC1C(=O)NC(C)(C)C,3.56,2.28,5.0
CSCC(NC(=O)COc1cccc2cnccc12)C(=O)NC(Cc1ccccc1)C(=O)C(O)N1CSCC1C(=O)NC(C)(C)C,3.56,3.36,25.0
CSCC(NC(=O)COc1cccc2cnccc12)C(=O)NC(Cc1ccccc1)C(=O)C(O)N1CSCC1C(=O)NC(C)(C)C,3.56,3.96,25.0
CSCC(NC(=O)COc1cccc2cnccc12)C(=O)NC(Cc1ccccc1)C(=O)C(O)N1CSCC1C(=O)NC(C)(C)C,3.56,4.45,25.0
CSCC(NC(=O)COc1cccc2cnccc12)C(=O)NC(Cc1ccccc1)C(=O)C(O)N1CSCC1C(=O)NC(C)(C)C,3.56,4.97,25.0
CCN1CC(C(O)C(CC2CCCCC2)NC(=O)C(Cc2c[nH]cn2)NC(=O)C(Cc2ccc(OC)cc2)NC(=O)C(C)C)OC1=O,2.85,7.4,37.0
CCN1CC(C(=O)C(CC2CCCCC2)NC(=O)C(Cc2c[nH]cn2)NC(=O)C(Cc2ccccc2)CC(O)N(C)CCO)OC1=O,1.94,7.4,37.0
CCN1CC(C(O)C(CC2CCCCC2)NC(=O)C(Cc2c[nH]cn2)NC(=O)C(Cc2ccc(OC)cc2)NC(=O)C(C)C)OC1=O,2.67,6.5,37.0
CCN1CC(C(=O)C(CC2CCCCC2)NC(=O)C(Cc2c[nH]cn2)NC(=O)C(Cc2ccccc2)CC(O)N2CCOCC2)OC1=O,2.2,7.4,37.0
CCN1CC(C(O)C(CC2CCCCC2)NC(=O)C(Cc2c[nH]cn2)NC(=O)C(Cc2ccc(OC)cc2)NC(=O)N2CCOCC2)OC1=O,1.91,6.5,37.0
CCN1CC(C(O)C(CC2CCCCC2)NC(=O)C(Cc2c[nH]cn2)NC(=O)C(Cc2ccc(OC)cc2)NC(=O)N2CCOCC2)OC1=O,2.11,7.4,37.0
CCN1CC(C(=O)C(CC2CCCCC2)NC(=O)C(Cc2c[nH]cn2)NC(=O)C(Cc2ccccc2)CC(O)N(C)CCOC)OC1=O,2.45,7.4,37.0
CCC1OC(=O)C(C)C(OC2CC(C)(OC)C(O)C(C)O2)C(C)C(OC2OC(C)CC(N(C)C)C2O)C(C)(O)CC(C)C(=O)C(C)C(O)C1(C)O,2.54,7.0,25.0
CCN1CC(C(=O)C(CC2CCCCC2)NC(=O)C(Cc2c[nH]cn2)NC(=O)C(Cc2ccccc2)CC(O)N(C)CCOCOCCOC)OC1=O,2.21,7.4,37.0
CC(C)CC(NC(=O)CC(O)C(CC(C)C)NC(=O)C(Cc1c[nH]cn1)NC(=O)C(Cc1ccccc1)NC(=O)OC(C)(C)C)C(=O)NCCC(N)C(=O)O,1.08,7.4,25.0
CC[C@H]1OC(=O)C(C)[C@@H](O[C@H]2C[C@@](C)(OC)[C@@H](O)[C@H](C)O2)[C@H](C)[C@@H](O[C@@H]2O[C@H](C)C[C@H](N(C)C)[C@H]2O)[C@](C)(OC)CC(C)C(=O)C(C)[C@@H](O)[C@]1(C)O,1.68,9.0,25.0
CCN1CC(C(=O)C(CC2CCCCC2)NC(=O)C(Cc2c[nH]cn2)NC(=O)C(Cc2ccccc2)CC(O)N2CC(OCOC)C(OCOC)C2)OC1=O,2.31,7.4,37.0
CC(C)CC(NC(=O)CC(O)C(CC(C)C)NC(=O)C(Cc1c[nH]cn1)NC(=O)C(Cc1ccccc1)NC(=O)OC(C)(C)C)C(=O)NCCCN(CCO)CCO,1.4,7.4,25.0
CC(C)CC(NC(=O)CC(O)C(CC(C)C)NC(=O)C(Cc1c[nH]cn1)NC(=O)C(Cc1ccccc1)NC(=O)OC(C)(C)C)C(=O)NC(C(=O)O)c1ccccc1,1.22,7.4,25.0
CC(C)CC(NC(=O)CC(O)C(CC(C)C)NC(=O)C(Cc1c[nH]cn1)NC(=O)C(Cc1ccccc1)NC(=O)OC(C)(C)C)C(=O)NCc1cccc(CN)c1,1.89,7.4,25.0
CCN1CC(C(=O)C(CC2CCCCC2)NC(=O)C(Cc2c[nH]cn2)NC(=O)C(Cc2ccccc2)CC(O)N2CC(OCOCCOC)C(OCOCCOC)C2)OC1=O,1.87,7.4,37.0
CC(C)CC(NC(=O)CC(O)C(CC(C)C)NC(=O)C(Cc1c[nH]cn1)NC(=O)C(Cc1ccccc1)NC(=O)OC(C)(C)C)C(=O)NC(Cc1cccc(CN)c1)C(=O)O,1.83,7.4,25.0
C/C=C/CC(C)C(O)C1C(=O)NC(CC)C(=O)N(C)CC(=O)N(C)C(CC(C)C)C(=O)NC(C(C)C)C(=O)N(C)C(CC(C)C)C(=O)NC(C)C(=O)NC(C)C(=O)N(C)C(CC(C)C)C(=O)N(C)C(CC(C)C)C(=O)N(C)C(C(C)C)C(=O)N1C,2.92,5.5,37.0
Nc1ccc(S(=O)(=O)N=c2[nH]ccs2)cc1,0.05,6.26,37.0
Nc1ccc(S(=O)(=O)N=c2[nH]ccs2)cc1,0.05,6.87,25.0
Nc1ccc(S(=O)(=O)N=c2[nH]ccs2)cc1,0.05,7.08,25.0
Nc1ccc(S(=O)(=O)N=c2[nH]ccs2)cc1,0.05,7.01,37.0
Nc1ccc(S(=O)(=O)N=c2[nH]ccs2)cc1,0.05,7.19,37.0
CC(C)C(NC(=O)CN)C(=O)O,-1.33,7.0,25.0
CC(N)C(=O)NC(C)C(=O)O,-2.0,7.0,25.0
CCC(C)C(NC(=O)C(C)N)C(=O)O,-2.6,7.0,25.0
CC(C)C(NC(=O)[C@H](C)N)C(=O)O,-1.13,7.0,25.0
CC(C)CC(NC(=O)CN)C(=O)O,-0.78,7.0,25.0
CC(NC(=O)C(N)C(C)C)C(=O)O,-1.14,7.0,25.0
CC(C)C(NC(=O)C(N)CO)C(=O)O,-1.53,7.0,25.0
CC(C)C(N)C(=O)NC(C(=O)O)C(C)C,-2.82,7.0,25.0
CC(C)CC(NC(=O)C(N)CO)C(=O)O,-2.49,7.0,25.0
CC(C)CC(NC(=O)C1CCCN1)C(=O)O,-2.41,7.0,25.0
CCC(C)C(NC(=O)C1CCCN1)C(=O)O,-2.56,7.0,25.0
CC(C)CC([NH3+])C(=O)N1CCCC1C(=O)[O-],-1.76,7.0,25.0
CCC(C)C(N)C(=O)N1CCCC1C(=O)[O-],-1.79,7.0,25.0
NCC(=O)NC(Cc1ccccc1)C(=O)[O-],-0.56,7.0,25.0
CC(C)C(N)C(=O)NC(C(=O)O)C(C)C,-0.32,7.0,25.0
CC(C)CC(N)C(=O)O.CC(N)C(=O)O,-0.54,7.0,25.0
NC(Cc1ccccc1)C(=O)NCC(=O)O,-0.5,7.0,25.0
CC(=O)C(N)C(O)NC(C(=O)O)C(C)C,-1.25,7.0,25.0
CC(C)CC(N)C(=O)NC(CC(C)C)C(=O)O,-1.46,7.0,25.0
CC(C)CC(N)C(=O)NC(C(=O)O)C(C)C,-2.05,7.0,25.0
CC(C)CC(NC(=O)C(N)C(C)C)C(=O)O,-2.07,7.0,25.0
CCC(C)C(N)C(=O)NC(C(=O)O)C(C)CC,-1.82,7.0,25.0
CCC(C)C(NC(=O)C(N)CC(C)C)C(=O)O,-1.64,7.0,25.0
CSCCC(N)C(=O)NC(C(=O)O)C(C)C,-2.53,7.0,25.0
CC(=O)C(NC(=O)C(N)Cc1c[nH]cn1)C(O)O,-2.23,7.0,25.0
CC(C)CC(N)C(=O)NC(C(=O)O)C(C)C,0.26,7.0,25.0
CCC(C)C(N)C(=O)NC(C(=O)O)C(C)C,0.16,7.0,25.0
CCC(C)C(NC(=O)C(N)CC(C)C)C(=O)O,0.68,7.0,25.0
CSCCC(N)C(=O)NC(C(=O)O)C(C)C,-0.28,7.0,25.0
NC(C=O)C(O)NC(Cc1ccccc1)C(=O)O,-0.79,7.0,25.0
CCC(C)C(NC(=O)C(N)C(C)O)C(=O)O,-0.86,7.0,25.0
CC(C)C(NC(=O)C(N)CC(N)=O)C(=O)O,-1.85,7.0,25.0
CCC(C)C(NC(=O)C(N)CC(N)=O)C(=O)O,-1.43,7.0,25.0
CC(C)CC(N)C(=O)NC(CC(N)=O)C(=O)O,-1.3,7.0,25.0
CCC(C)C(N)C(=O)NC(CC(N)=O)C(=O)O,-1.41,7.0,25.0
CC(C)C(NC(=O)CCC(N)C(=O)O)C(=O)O,-1.85,7.0,25.0
CC(C)CC(NC(=O)C(N)CCC(N)=O)C(=O)O,-1.32,7.0,25.0
CC(C)C(N)C(=O)NC(CCC(N)=O)C(=O)O,-1.82,7.0,25.0
CC(C)CC(NC(=O)C(N)CCCCN)C(=O)O,-0.26,13.0,25.0
CC(C)CC(NC(=O)C(N)Cc1ccccc1)C(=O)O,-1.17,7.0,25.0
CC(C)CC(N)C(=O)NC(Cc1ccccc1)C(=O)O,-1.15,7.0,25.0
CC(NC(=O)C(N)Cc1c[nH]c2ccccc12)C(=O)O,-1.98,7.0,25.0
CC(C)C([NH3+])C(=O)NC(Cc1ccc(O)cc1)C(=O)[O-],-2.52,7.0,25.0
CSCCC(NC(=O)C(N)CC(C)C)C(=O)O,-1.87,7.0,25.0
CSCCC(N)C(=O)NC(CC(C)C)C(=O)O,-1.84,7.0,25.0
O=C(O)C(Cc1ccccc1)NC(=O)C1CCCN1,-2.07,7.0,25.0
NC(Cc1ccccc1)C(=O)N1CCCC1C(=O)O,-1.36,7.0,25.0
CC(C)C(NC(=O)C(N)Cc1ccccc1)C(=O)O,0.43,7.0,25.0
CC(C)C(NC(=O)C(N)Cc1ccc(O)cc1)C(=O)O,-0.2,7.0,25.0
NC(=O)CC(N)C(=O)NC(Cc1ccccc1)C(=O)O,-1.14,7.0,25.0
NC(Cc1ccccc1)C(=O)NC(Cc1ccccc1)C(=O)O,-0.85,7.0,25.0
CC(C)CC(NC(=O)C(N)Cc1c[nH]c2ccccc12)C(=O)O,-0.73,7.0,25.0
CC(C)CC(N)C(=O)NC(Cc1ccc(O)cc1)C(=O)O,-1.94,7.0,25.0
CC(C)CC(NC(=O)C(N)Cc1ccc(O)cc1)C(=O)O,-1.75,7.0,25.0
CSCCC(NC(=O)C(N)Cc1ccccc1)C(=O)O,-1.59,7.0,25.0
CC(C)C(NC(=O)C([NH3+])Cc1ccccc1)C(=O)NCC(=O)[O-],-2.33,7.0,25.0
CC(C)CC(N)C(=O)NC(Cc1c[nH]c2ccccc12)C(=O)O,-2.1,7.0,25.0
CC(C)CC(N)C(=O)NC(C)C(=O)NC(CC(C)C)C(=O)O,-2.03,7.0,25.0
[NH3+]C(Cc1c[nH]c2ccccc12)C(=O)NCC(=O)NCC(=O)[O-],-2.72,7.0,25.0
CC(C)C(NC(=O)CN)C(=O)NC(Cc1ccccc1)C(=O)O,-1.96,7.0,25.0
CC(C)CC(NC(=O)C(N)Cc1ccc(O)cc1)C(=O)O,0.32,7.0,25.0
CC(C)C(NC(=O)C(N)Cc1c[nH]c2ccccc12)C(=O)O,0.73,7.0,25.0
CSCCC(N)C(=O)NC(Cc1ccccc1)C(=O)O,0.42,7.0,25.0
NC(CCC(=O)NC(Cc1ccccc1)C(=O)O)C(=O)O,-1.14,7.0,25.0
NC(=O)CCC(NC(=O)C(N)Cc1ccccc1)C(=O)O,-1.03,7.0,25.0
NC(Cc1ccccc1)C(=O)O.NCCCCC(N)C(=O)O,0.14,13.0,25.0
CSCCC(NC(=O)C(C)N)C(=O)NC(C(=O)O)C(C)C,-0.63,7.0,25.0
NC(Cc1c[nH]c2ccccc12)C(=O)NC(Cc1ccccc1)C(=O)O,-0.47,7.0,25.0
NC(Cc1ccccc1)C(=O)NC(Cc1ccc(O)cc1)C(=O)O,-1.68,7.0,25.0
NC(Cc1ccc(O)cc1)C(=O)NC(Cc1ccc(O)cc1)C(=O)O,-1.87,7.0,25.0
CC(NC(=O)C(NC(=O)C([NH3+])Cc1ccccc1)C(C)C)C(=O)[O-],-2.19,7.0,25.0
CCC(C)C(NC(=O)C(NC(=O)C([NH3+])CC(C)C)C(C)CC)C(=O)[O-],-1.11,7.0,25.0
CC(C)CC(N)C(=O)NC(C(=O)NC(CC(C)C)C(=O)O)C(C)C,-1.57,7.0,25.0
CC(C)CC(N)C(=O)NC(CC(C)C)C(=O)NC(CC(C)C)C(=O)O,-0.94,7.0,25.0
CC(C)CC([NH3+])C(=O)NC(C=O)C(=O)NC(CC(C)C)C([O-])O,-2.35,7.0,25.0
CCC(C)C([NH3+])C(=O)NC(C=O)C(=O)NC(CC(C)C)C([O-])O,-2.28,7.0,25.0
CCC(C)C([NH3+])C(=O)NC(C=O)C(=O)NC(C([O-])O)C(C)CC,-2.64,7.0,25.0
CCC(C)C(NC(=O)C(CC(C)C)NC(=O)C([NH3+])C=O)C([O-])O,-1.99,7.0,25.0
CC(C)CC(NC(=O)C(CC(C)C)NC(=O)C([NH3+])CO)C(=O)[O-],-2.03,7.0,25.0
CCC(C)C(NC(=O)C([NH3+])CC(C)C)C(=O)NC(C(=O)[O-])C(C)O,-2.14,7.0,25.0
CCC(C)C(NC(=O)C(NC(=O)C([NH3+])CC(C)C)C(C)=O)C([O-])O,-2.3,7.0,25.0
CCC(C)C(NC(=O)C(CC(C)C)NC(=O)C([NH3+])C(C)=O)C([O-])O,-1.66,7.0,25.0
CC(=O)C(N)C(=O)NC(C(=O)NC(CC(C)C)C(O)O)C(C)C,-1.97,7.0,25.0
CC(C)CC(NC(=O)C(CC(C)C)NC(=O)C1CCC[NH2+]1)C(=O)[O-],-1.64,7.0,25.0
CC(C)CC([NH3+])C(=O)N1CCCC1C(=O)NC(CC(C)C)C(=O)[O-],-1.56,7.0,25.0
CC(C)CC([NH3+])C(=O)NC(CC(C)C)C(=O)N1CCCC1C(=O)[O-],-1.58,7.0,25.0
CCC(C)C(N)C(=O)N1CCCC1C(=O)NC(C(=O)O)C(C)CC,-1.65,7.0,25.0
[NH3+]C(Cc1ccc(O)cc1)C(=O)NC(Cc1ccccc1)C(=O)[O-],0.54,7.0,25.0
Cl.NCCCCC(N)C(=O)NC(Cc1ccccc1)C(=O)O,0.12,13.0,25.0
NCC(=O)NC(Cc1ccccc1)C(=O)NC(Cc1c[nH]cn1)C(=O)O,-0.92,10.0,25.0
CC(C)CC(N)C(=O)NC(CC(=O)O)C(=O)NC(CC(C)C)C(=O)O,0.16,2.0,25.0
CCC(C)C(N)C(=O)NC(CC(C)C)C(=O)NC(CC(=O)O)C(=O)O,-0.04,2.0,25.0
NC(Cc1c[nH]c2ccccc12)C(=O)NC(Cc1c[nH]c2ccccc12)C(=O)O,-0.27,7.0,25.0
NC(Cc1c[nH]c2ccccc12)C(=O)NC(Cc1ccc(O)cc1)C(=O)O,-1.13,7.0,25.0
NCC(=O)NC(Cc1ccccc1)C(=O)NC(Cc1ccccc1)C(=O)O,-1.33,7.0,25.0
CC(C)CC(NC(=O)C([NH3+])Cc1ccc(O)cc1)C(=O)NC(C(=O)[O-])C(C)C,-1.45,7.0,25.0
[NH3+]C(Cc1ccc(O)cc1)C(=O)NCC(=O)NC(Cc1ccccc1)C(=O)[O-],-1.86,7.0,25.0
CCC(C)C(NC(=O)C(Cc1ccc(O)cc1)NC(=O)C(C)[NH3+])C(=O)[O-],-2.04,7.0,25.0
CCC(C)C([NH3+])C(=O)NC(Cc1ccc(O)cc1)C(=O)NC(C(=O)[O-])C(C)C,-1.77,7.0,25.0
CCC(C)C(NC(=O)C([NH3+])Cc1ccccc1)C(=O)NC(C(=O)[O-])C(C)O,-1.95,7.0,25.0
CCC(C)C(N)C(=O)NC(C)C(=O)NC(C)C(=O)NC(C(=O)O)C(C)CC,-2.82,7.0,25.0
CCC(C)C(N)C(=O)N1CCCC1C(=O)NCC(=O)NC(C(=O)O)C(C)CC,1.69,7.0,25.0
CC(C)C(N)C(=O)N1CCCC1C(=O)NCC(=O)NC(C(=O)O)C(C)C,-2.83,7.0,25.0
CC(C)C(NC(=O)C(Cc1ccccc1)NC(=O)C(N)CCCCN)C(=O)O,0.51,13.0,25.0
CCC(C)C(N)C(=O)NC(Cc1c[nH]cn1)C(=O)NC(C(=O)O)C(C)C,-0.24,10.0,25.0
CC(C)CC(NC(=O)C(Cc1ccccc1)NC(=O)C(N)CC(=O)O)C(=O)O,0.4,2.0,25.0
CCC(C)C(NC(=O)C(N)CC(=O)O)C(=O)NC(Cc1ccccc1)C(=O)O,0.61,2.0,25.0
CC(C)CC(NC(=O)C(CC(=O)O)NC(=O)C(N)Cc1ccccc1)C(=O)O,0.39,2.0,25.0
CCC(C)C(NC(=O)C(N)CC(C)C)C(=O)NC(CCC(=O)O)C(=O)O,0.07,2.0,25.0
NC(Cc1ccccc1)C(=O)NC(Cc1ccccc1)C(=O)NC(Cc1ccccc1)C(=O)O,-0.02,7.0,25.0
CC(C)C(NC(=O)C([NH3+])Cc1ccccc1)C(=O)NC(Cc1ccccc1)C(=O)[O-],-0.76,7.0,25.0
CC(NC(=O)C(Cc1ccccc1)NC(=O)C([NH3+])Cc1c[nH]c2ccccc12)C(=O)[O-],-1.0,7.0,25.0
CC(C)CC(NC(=O)C(Cc1c[nH]c2ccccc12)NC(=O)C([NH3+])Cc1c[nH]c2ccccc12)C(=O)[O-],0.36,7.0,25.0
CC(C)CC(N)C(=O)NC(CC(C)C)C(=O)NC(Cc1ccc(O)cc1)C(=O)O,-1.34,7.0,25.0
CC(C)C([NH3+])C(=O)NC(Cc1ccccc1)C(=O)NC(Cc1ccc(O)cc1)C(=O)[O-],-1.5,7.0,25.0
CC(C)C(NC(=O)C([NH3+])Cc1ccc(O)cc1)C(=O)NC(Cc1ccccc1)C(=O)[O-],-1.37,7.0,25.0
CC(C)CC(NC(=O)C(Cc1ccc(O)cc1)NC(=O)C([NH3+])Cc1ccc(O)cc1)C(=O)[O-],-1.38,7.0,25.0
CSCCC(N)C(=O)NC(CC(C)C)C(=O)NC(Cc1ccccc1)C(=O)O,-1.03,7.0,25.0
NC(Cc1ccccc1)C(=O)NCC(=O)NCC(=O)NC(Cc1ccccc1)C(=O)O,-1.51,7.0,25.0
CC(NC(=O)C(C)NC(=O)C(N)C(C)C)C(=O)NC(Cc1ccccc1)C(=O)O,-1.91,7.0,25.0
CC(C)CC(N)C(=O)NC(CC(C)C)C(=O)NC(C(=O)NC(Cc1ccccc1)C(=O)O)C(C)C,-0.25,7.0,25.0
CC(C)CC(N)C(=O)NC(CC(C)C)C(=O)NC(CC(C)C)C(=O)NC(C(=O)O)C(C)C,-0.51,7.0,25.0
CC(C)C(N)C(=O)NCC(=O)NC(Cc1ccccc1)C(=O)NC(Cc1ccccc1)C(=O)O,-0.51,7.0,25.0
CC(C)CC(NC(=O)C(CC(C)C)NC(=O)C(NC(=O)C(C)N)C(C)C)C(=O)O,-1.74,7.0,25.0
CC(C)CC(N)C(=O)NC(C)C(=O)NCC(=O)NC(Cc1ccccc1)C(=O)O,-1.78,7.0,25.0
NC(Cc1ccccc1)C(=O)NC(Cc1ccccc1)C(=O)NC(Cc1ccccc1)C(=O)NC(Cc1ccccc1)C(=O)O,1.63,7.0,25.0
CC(C)CC(N)C(=O)NC(CC(C)C)C(=O)NCC(=O)NC(Cc1ccccc1)C(=O)O,-0.42,7.0,25.0
CC(C)CC(N)C(=O)NC(CC(C)C)C(=O)NC(C)C(=O)NC(Cc1ccccc1)C(=O)O,-1.0,7.0,25.0
CC(C)CC(N)C(=O)NC(CC(C)C)C(=O)NC(CC(C)C)C(=O)NC(Cc1ccccc1)C(=O)O,0.24,7.0,25.0
CCC(C)C(N)C(=O)NC(C(=O)NC(C(=O)NC(C(=O)O)C(C)C)C(C)C)C(C)CC,-1.41,7.0,25.0
CCC(C)C(N)C(=O)NC(C(=O)NCC(=O)NC(Cc1ccccc1)C(=O)O)C(C)CC,-0.99,7.0,25.0
NC(Cc1ccccc1)C(=O)NC(Cc1ccccc1)C(=O)NCC(=O)NC(Cc1ccccc1)C(=O)O,0.17,7.0,25.0
CC(C)CC(NC(=O)C(NC(=O)C(CC(C)C)NC(=O)C(N)C(C)C)C(C)C)C(=O)O,-1.23,7.0,25.0
CC(C)CC(NC(=O)C(N)Cc1c[nH]c2ccccc12)C(=O)NC(CC(C)C)C(=O)NC(C(=O)O)C(C)C,0.23,7.0,25.0
CC(C)CC(NC(=O)C(CC(C)C)NC(=O)CNC(=O)C(N)Cc1c[nH]c2ccccc12)C(=O)O,0.06,7.0,25.0
CCC(C)C(NC(=O)C(N)Cc1ccc(O)cc1)C(=O)NC(CC(C)C)C(=O)NCC(=O)O,-1.49,7.0,25.0
CC(C)C(NC(=O)C(N)Cc1ccccc1)C(=O)NC(Cc1ccc(O)cc1)C(=O)NC(Cc1ccccc1)C(=O)O,-0.32,7.0,25.0
CCC(C)C(N)C(=O)NC(Cc1ccc(O)cc1)C(=O)NC(C(=O)NC(C(=O)O)C(C)C)C(C)CC,-1.09,7.0,25.0
CC(=O)C(NC(=O)C(CC(C)C)NC(=O)C(Cc1ccccc1)NC(=O)C(N)C(C)C)C(O)O,-1.32,7.0,25.0
CCC(C)C(NC(=O)C(CC(C)C)NC(=O)C(NC(=O)C(N)CCSC)C(C)CC)C(=O)O,-0.49,7.0,25.0
CCC(C)C(NC(=O)C(Cc1ccccc1)NC(=O)C(CCSC)NC(=O)C(N)C(C)C)C(=O)O,-0.63,7.0,25.0
CC(C)CC(NC(=O)C(CC(C)C)NC(=O)C(CC(C)C)NC(=O)C1CCCN1)C(=O)O,-1.06,7.0,25.0
CC(C)CC(N)C(=O)N1CCCC1C(=O)NC(CC(C)C)C(=O)NC(CC(C)C)C(=O)O,-0.92,7.0,25.0
CC(C)CC(N)C(=O)NC(CC(C)C)C(=O)N1CCCC1C(=O)NC(CC(C)C)C(=O)O,-1.0,7.0,25.0
CC(C)CC(N)C(=O)NC(CC(C)C)C(=O)NC(CC(C)C)C(=O)N1CCCC1C(=O)O,-1.18,7.0,25.0
CC(C)CC(NC(=O)C(NC(=O)C1CCCN1C(=O)C(N)C(C)C)C(C)C)C(=O)O,-1.91,7.0,25.0
NC(Cc1ccc(O)cc1)C(=O)N1CCCC1C(=O)NCC(=O)NC(Cc1c[nH]c2ccccc12)C(=O)O,-1.25,7.0,25.0
CCC(C)C(NC(=O)CNC(=O)C1CCCN1C(=O)C(N)Cc1ccc(O)cc1)C(=O)O,-1.65,7.0,25.0
CCC(C)C(N)C(=O)NC(C(=O)NC(C(=O)NC(C(=O)NC(C(=O)O)C(C)CC)C(C)C)C(C)C)C(C)C,-0.89,7.0,25.0
CCC(C)C(N)C(=O)NC(C)C(=O)NC(Cc1ccc(O)cc1)C(=O)NC(Cc1c[nH]c2ccccc12)C(=O)NCC(=O)O,-1.47,7.0,25.0
CC(C)CC(NC(=O)C(Cc1ccccc1)NC(=O)CNC(=O)CNC(=O)C(N)Cc1ccc(O)cc1)C(=O)O,-0.8,7.0,25.0
CSCCC(NC(=O)C(Cc1ccccc1)NC(=O)CNC(=O)CNC(=O)C(N)Cc1ccc(O)cc1)C(=O)O,-1.39,7.0,25.0
CCC(C)C(N)C(=O)NC(CCSC)C(=O)NC(Cc1ccccc1)C(=O)O,1.28,7.0,25.0
CCC(C)C(NC(=O)C(N)CCCCN)C(=O)NC(Cc1ccccc1)C(=O)O,0.65,13.0,25.0
CC(C)CC(NC(=O)C(Cc1ccccc1)NC(=O)C(N)CCCCN)C(=O)O,0.98,13.0,25.0
CC(C)CC(N)C(=O)NC(CCCCN)C(=O)NC(Cc1ccccc1)C(=O)O,1.14,13.0,25.0
CCC(C)C(NC(=O)C(N)CCCN=C(N)N)C(=O)NC(Cc1ccccc1)C(=O)O,-0.04,13.0,25.0
CC(C)CC(NC(=O)C(Cc1ccccc1)NC(=O)C(N)CCCN=C(N)N)C(=O)O,-0.03,13.0,25.0
CC(C)CC(N)C(=O)N=C(CCCNC(N)N)C(=O)NC(Cc1ccccc1)C(=O)O,-0.06,13.0,25.0
CC(C)CC(N)C(=O)NC(Cc1ccccc1)C(=O)NC(CCCN=C(N)N)C(=O)O,-0.12,13.0,25.0
CCC(C)C(N)C(=O)NC(Cc1ccccc1)C(=O)NC(CCCN=C(N)N)C(=O)O,-0.05,13.0,25.0
CCC(C)C(NC(=O)C(N)Cc1c[nH]cn1)C(=O)NC(Cc1ccccc1)C(=O)O,0.44,10.0,25.0
CC(C)CC(NC(=O)C(Cc1c[nH]cn1)NC(=O)C(N)Cc1ccccc1)C(=O)O,0.64,10.0,25.0
CC(C)C(NC(=O)C(Cc1c[nH]cn1)NC(=O)C(N)Cc1c[nH]c2ccccc12)C(=O)O,0.31,10.0,25.0
NC(Cc1ccccc1)C(=O)NC(Cc1c[nH]c2ccccc12)C(=O)NC(Cc1c[nH]cn1)C(=O)O,1.0,10.0,25.0
CCC(C)C(NC(=O)C(N)CCC(=O)O)C(=O)NC(Cc1ccccc1)C(=O)O,0.43,2.0,25.0
NC(Cc1ccccc1)C(=O)NC(CCC(=O)O)C(=O)NC(Cc1ccccc1)C(=O)O,0.65,2.0,25.0
